-- ═══════════════════════════════════════════════════════════════════
-- SEED DÉMO INK — généré depuis la base distante le 2026-07-10.
-- Reproductible et idempotent (ON CONFLICT DO NOTHING partout).
--
-- Contenu : 13 artistes @ink.demo + 15 clients @demo.fr, 63 posts
-- (images/vidéos Pexels), disponibilités, guest spots, avis,
-- likes/saves/follows. Mot de passe unique : demo-ink-2026!
-- AUCUNE donnée réelle : univers 100 % fictif, marqué par les
-- domaines @ink.demo et @demo.fr.
--
-- Musiques : previews officielles 30 s de l'API iTunes Search
-- (audio-ssl.itunes.apple.com), cohérentes avec le MusicPicker de
-- l'app qui utilise cette même API. Streaming direct depuis le CDN
-- Apple, jamais re-hébergées. À basculer vers un catalogue licencié
-- avant tout lancement commercial.
--
-- Prérequis : la baseline 20260710000000 doit être appliquée.
-- Usage : psql "$DB_URL" -f supabase/seed_demo.sql
-- ═══════════════════════════════════════════════════════════════════

-- ── COMPTES DÉMO (auth) — mot de passe unique : demo-ink-2026! ──
INSERT INTO auth.users (instance_id, id, aud, role, email, encrypted_password, email_confirmed_at, raw_app_meta_data, raw_user_meta_data, created_at, updated_at, confirmation_token, recovery_token, email_change, email_change_token_new, email_change_token_current, phone_change, phone_change_token, reauthentication_token) VALUES ('00000000-0000-0000-0000-000000000000', 'aca4efa4-7b7d-486a-bf3f-c4aca931a388', 'authenticated', 'authenticated', 'adam@ink.demo', crypt('demo-ink-2026!', gen_salt('bf')), now(), '{"provider":"email","providers":["email"]}'::jsonb, '{"username": "adam_point", "display_name": "Adam Point"}'::jsonb, now(), now(), '', '', '', '', '', '', '', '') ON CONFLICT (id) DO NOTHING;
INSERT INTO auth.identities (id, user_id, identity_data, provider, provider_id, last_sign_in_at, created_at, updated_at) SELECT gen_random_uuid(), 'aca4efa4-7b7d-486a-bf3f-c4aca931a388', '{"sub": "aca4efa4-7b7d-486a-bf3f-c4aca931a388", "email": "adam@ink.demo", "email_verified": true, "phone_verified": false}'::jsonb, 'email', 'aca4efa4-7b7d-486a-bf3f-c4aca931a388', now(), now(), now() WHERE NOT EXISTS (SELECT 1 FROM auth.identities WHERE user_id = 'aca4efa4-7b7d-486a-bf3f-c4aca931a388' AND provider = 'email');
INSERT INTO auth.users (instance_id, id, aud, role, email, encrypted_password, email_confirmed_at, raw_app_meta_data, raw_user_meta_data, created_at, updated_at, confirmation_token, recovery_token, email_change, email_change_token_new, email_change_token_current, phone_change, phone_change_token, reauthentication_token) VALUES ('00000000-0000-0000-0000-000000000000', '65685cfa-a3ac-4758-9eca-1b40a3de9c4b', 'authenticated', 'authenticated', 'antoine.g@demo.fr', crypt('demo-ink-2026!', gen_salt('bf')), now(), '{"provider":"email","providers":["email"]}'::jsonb, '{"email_verified": true}'::jsonb, now(), now(), '', '', '', '', '', '', '', '') ON CONFLICT (id) DO NOTHING;
INSERT INTO auth.identities (id, user_id, identity_data, provider, provider_id, last_sign_in_at, created_at, updated_at) SELECT gen_random_uuid(), '65685cfa-a3ac-4758-9eca-1b40a3de9c4b', '{"sub": "65685cfa-a3ac-4758-9eca-1b40a3de9c4b", "email": "antoine.g@demo.fr", "email_verified": true, "phone_verified": false}'::jsonb, 'email', '65685cfa-a3ac-4758-9eca-1b40a3de9c4b', now(), now(), now() WHERE NOT EXISTS (SELECT 1 FROM auth.identities WHERE user_id = '65685cfa-a3ac-4758-9eca-1b40a3de9c4b' AND provider = 'email');
INSERT INTO auth.users (instance_id, id, aud, role, email, encrypted_password, email_confirmed_at, raw_app_meta_data, raw_user_meta_data, created_at, updated_at, confirmation_token, recovery_token, email_change, email_change_token_new, email_change_token_current, phone_change, phone_change_token, reauthentication_token) VALUES ('00000000-0000-0000-0000-000000000000', '24e71736-625f-41cc-9903-63cf9333b9d0', 'authenticated', 'authenticated', 'camille.r@demo.fr', crypt('demo-ink-2026!', gen_salt('bf')), now(), '{"provider":"email","providers":["email"]}'::jsonb, '{"email_verified": true}'::jsonb, now(), now(), '', '', '', '', '', '', '', '') ON CONFLICT (id) DO NOTHING;
INSERT INTO auth.identities (id, user_id, identity_data, provider, provider_id, last_sign_in_at, created_at, updated_at) SELECT gen_random_uuid(), '24e71736-625f-41cc-9903-63cf9333b9d0', '{"sub": "24e71736-625f-41cc-9903-63cf9333b9d0", "email": "camille.r@demo.fr", "email_verified": true, "phone_verified": false}'::jsonb, 'email', '24e71736-625f-41cc-9903-63cf9333b9d0', now(), now(), now() WHERE NOT EXISTS (SELECT 1 FROM auth.identities WHERE user_id = '24e71736-625f-41cc-9903-63cf9333b9d0' AND provider = 'email');
INSERT INTO auth.users (instance_id, id, aud, role, email, encrypted_password, email_confirmed_at, raw_app_meta_data, raw_user_meta_data, created_at, updated_at, confirmation_token, recovery_token, email_change, email_change_token_new, email_change_token_current, phone_change, phone_change_token, reauthentication_token) VALUES ('00000000-0000-0000-0000-000000000000', '88df4f61-4710-42a0-a511-cf9bff2c0f97', 'authenticated', 'authenticated', 'chloe.m@demo.fr', crypt('demo-ink-2026!', gen_salt('bf')), now(), '{"provider":"email","providers":["email"]}'::jsonb, '{"email_verified": true}'::jsonb, now(), now(), '', '', '', '', '', '', '', '') ON CONFLICT (id) DO NOTHING;
INSERT INTO auth.identities (id, user_id, identity_data, provider, provider_id, last_sign_in_at, created_at, updated_at) SELECT gen_random_uuid(), '88df4f61-4710-42a0-a511-cf9bff2c0f97', '{"sub": "88df4f61-4710-42a0-a511-cf9bff2c0f97", "email": "chloe.m@demo.fr", "email_verified": true, "phone_verified": false}'::jsonb, 'email', '88df4f61-4710-42a0-a511-cf9bff2c0f97', now(), now(), now() WHERE NOT EXISTS (SELECT 1 FROM auth.identities WHERE user_id = '88df4f61-4710-42a0-a511-cf9bff2c0f97' AND provider = 'email');
INSERT INTO auth.users (instance_id, id, aud, role, email, encrypted_password, email_confirmed_at, raw_app_meta_data, raw_user_meta_data, created_at, updated_at, confirmation_token, recovery_token, email_change, email_change_token_new, email_change_token_current, phone_change, phone_change_token, reauthentication_token) VALUES ('00000000-0000-0000-0000-000000000000', '49a916b0-034c-4279-8906-b772e5965d05', 'authenticated', 'authenticated', 'clara@ink.demo', crypt('demo-ink-2026!', gen_salt('bf')), now(), '{"provider":"email","providers":["email"]}'::jsonb, '{"username": "clara_sombra", "display_name": "Clara Sombra"}'::jsonb, now(), now(), '', '', '', '', '', '', '', '') ON CONFLICT (id) DO NOTHING;
INSERT INTO auth.identities (id, user_id, identity_data, provider, provider_id, last_sign_in_at, created_at, updated_at) SELECT gen_random_uuid(), '49a916b0-034c-4279-8906-b772e5965d05', '{"sub": "49a916b0-034c-4279-8906-b772e5965d05", "email": "clara@ink.demo", "email_verified": true, "phone_verified": false}'::jsonb, 'email', '49a916b0-034c-4279-8906-b772e5965d05', now(), now(), now() WHERE NOT EXISTS (SELECT 1 FROM auth.identities WHERE user_id = '49a916b0-034c-4279-8906-b772e5965d05' AND provider = 'email');
INSERT INTO auth.users (instance_id, id, aud, role, email, encrypted_password, email_confirmed_at, raw_app_meta_data, raw_user_meta_data, created_at, updated_at, confirmation_token, recovery_token, email_change, email_change_token_new, email_change_token_current, phone_change, phone_change_token, reauthentication_token) VALUES ('00000000-0000-0000-0000-000000000000', '336b2022-2d74-4fa9-a282-c48f1302a96a', 'authenticated', 'authenticated', 'elise@ink.demo', crypt('demo-ink-2026!', gen_salt('bf')), now(), '{"provider":"email","providers":["email"]}'::jsonb, '{"email_verified": true}'::jsonb, now(), now(), '', '', '', '', '', '', '', '') ON CONFLICT (id) DO NOTHING;
INSERT INTO auth.identities (id, user_id, identity_data, provider, provider_id, last_sign_in_at, created_at, updated_at) SELECT gen_random_uuid(), '336b2022-2d74-4fa9-a282-c48f1302a96a', '{"sub": "336b2022-2d74-4fa9-a282-c48f1302a96a", "email": "elise@ink.demo", "email_verified": true, "phone_verified": false}'::jsonb, 'email', '336b2022-2d74-4fa9-a282-c48f1302a96a', now(), now(), now() WHERE NOT EXISTS (SELECT 1 FROM auth.identities WHERE user_id = '336b2022-2d74-4fa9-a282-c48f1302a96a' AND provider = 'email');
INSERT INTO auth.users (instance_id, id, aud, role, email, encrypted_password, email_confirmed_at, raw_app_meta_data, raw_user_meta_data, created_at, updated_at, confirmation_token, recovery_token, email_change, email_change_token_new, email_change_token_current, phone_change, phone_change_token, reauthentication_token) VALUES ('00000000-0000-0000-0000-000000000000', '4180ea8c-9e39-4c63-8387-ed1dd835b724', 'authenticated', 'authenticated', 'emma.p@demo.fr', crypt('demo-ink-2026!', gen_salt('bf')), now(), '{"provider":"email","providers":["email"]}'::jsonb, '{"email_verified": true}'::jsonb, now(), now(), '', '', '', '', '', '', '', '') ON CONFLICT (id) DO NOTHING;
INSERT INTO auth.identities (id, user_id, identity_data, provider, provider_id, last_sign_in_at, created_at, updated_at) SELECT gen_random_uuid(), '4180ea8c-9e39-4c63-8387-ed1dd835b724', '{"sub": "4180ea8c-9e39-4c63-8387-ed1dd835b724", "email": "emma.p@demo.fr", "email_verified": true, "phone_verified": false}'::jsonb, 'email', '4180ea8c-9e39-4c63-8387-ed1dd835b724', now(), now(), now() WHERE NOT EXISTS (SELECT 1 FROM auth.identities WHERE user_id = '4180ea8c-9e39-4c63-8387-ed1dd835b724' AND provider = 'email');
INSERT INTO auth.users (instance_id, id, aud, role, email, encrypted_password, email_confirmed_at, raw_app_meta_data, raw_user_meta_data, created_at, updated_at, confirmation_token, recovery_token, email_change, email_change_token_new, email_change_token_current, phone_change, phone_change_token, reauthentication_token) VALUES ('00000000-0000-0000-0000-000000000000', 'b35bdc9f-dbe1-4832-a2c4-3959717e1bc2', 'authenticated', 'authenticated', 'hugo.d@demo.fr', crypt('demo-ink-2026!', gen_salt('bf')), now(), '{"provider":"email","providers":["email"]}'::jsonb, '{"email_verified": true}'::jsonb, now(), now(), '', '', '', '', '', '', '', '') ON CONFLICT (id) DO NOTHING;
INSERT INTO auth.identities (id, user_id, identity_data, provider, provider_id, last_sign_in_at, created_at, updated_at) SELECT gen_random_uuid(), 'b35bdc9f-dbe1-4832-a2c4-3959717e1bc2', '{"sub": "b35bdc9f-dbe1-4832-a2c4-3959717e1bc2", "email": "hugo.d@demo.fr", "email_verified": true, "phone_verified": false}'::jsonb, 'email', 'b35bdc9f-dbe1-4832-a2c4-3959717e1bc2', now(), now(), now() WHERE NOT EXISTS (SELECT 1 FROM auth.identities WHERE user_id = 'b35bdc9f-dbe1-4832-a2c4-3959717e1bc2' AND provider = 'email');
INSERT INTO auth.users (instance_id, id, aud, role, email, encrypted_password, email_confirmed_at, raw_app_meta_data, raw_user_meta_data, created_at, updated_at, confirmation_token, recovery_token, email_change, email_change_token_new, email_change_token_current, phone_change, phone_change_token, reauthentication_token) VALUES ('00000000-0000-0000-0000-000000000000', '7f82adf3-d4fc-4788-b7c6-b0e149cfad19', 'authenticated', 'authenticated', 'ines.v@demo.fr', crypt('demo-ink-2026!', gen_salt('bf')), now(), '{"provider":"email","providers":["email"]}'::jsonb, '{"email_verified": true}'::jsonb, now(), now(), '', '', '', '', '', '', '', '') ON CONFLICT (id) DO NOTHING;
INSERT INTO auth.identities (id, user_id, identity_data, provider, provider_id, last_sign_in_at, created_at, updated_at) SELECT gen_random_uuid(), '7f82adf3-d4fc-4788-b7c6-b0e149cfad19', '{"sub": "7f82adf3-d4fc-4788-b7c6-b0e149cfad19", "email": "ines.v@demo.fr", "email_verified": true, "phone_verified": false}'::jsonb, 'email', '7f82adf3-d4fc-4788-b7c6-b0e149cfad19', now(), now(), now() WHERE NOT EXISTS (SELECT 1 FROM auth.identities WHERE user_id = '7f82adf3-d4fc-4788-b7c6-b0e149cfad19' AND provider = 'email');
INSERT INTO auth.users (instance_id, id, aud, role, email, encrypted_password, email_confirmed_at, raw_app_meta_data, raw_user_meta_data, created_at, updated_at, confirmation_token, recovery_token, email_change, email_change_token_new, email_change_token_current, phone_change, phone_change_token, reauthentication_token) VALUES ('00000000-0000-0000-0000-000000000000', 'e06a7a51-e21d-4a7a-b026-5ae6cfd0a61c', 'authenticated', 'authenticated', 'jade@ink.demo', crypt('demo-ink-2026!', gen_salt('bf')), now(), '{"provider":"email","providers":["email"]}'::jsonb, '{"username": "jade_rouge", "display_name": "Jade Encre Rouge"}'::jsonb, now(), now(), '', '', '', '', '', '', '', '') ON CONFLICT (id) DO NOTHING;
INSERT INTO auth.identities (id, user_id, identity_data, provider, provider_id, last_sign_in_at, created_at, updated_at) SELECT gen_random_uuid(), 'e06a7a51-e21d-4a7a-b026-5ae6cfd0a61c', '{"sub": "e06a7a51-e21d-4a7a-b026-5ae6cfd0a61c", "email": "jade@ink.demo", "email_verified": true, "phone_verified": false}'::jsonb, 'email', 'e06a7a51-e21d-4a7a-b026-5ae6cfd0a61c', now(), now(), now() WHERE NOT EXISTS (SELECT 1 FROM auth.identities WHERE user_id = 'e06a7a51-e21d-4a7a-b026-5ae6cfd0a61c' AND provider = 'email');
INSERT INTO auth.users (instance_id, id, aud, role, email, encrypted_password, email_confirmed_at, raw_app_meta_data, raw_user_meta_data, created_at, updated_at, confirmation_token, recovery_token, email_change, email_change_token_new, email_change_token_current, phone_change, phone_change_token, reauthentication_token) VALUES ('00000000-0000-0000-0000-000000000000', 'a3f4d29f-456c-487b-ba2a-fc791fd3cf2a', 'authenticated', 'authenticated', 'julia.n@demo.fr', crypt('demo-ink-2026!', gen_salt('bf')), now(), '{"provider":"email","providers":["email"]}'::jsonb, '{"email_verified": true}'::jsonb, now(), now(), '', '', '', '', '', '', '', '') ON CONFLICT (id) DO NOTHING;
INSERT INTO auth.identities (id, user_id, identity_data, provider, provider_id, last_sign_in_at, created_at, updated_at) SELECT gen_random_uuid(), 'a3f4d29f-456c-487b-ba2a-fc791fd3cf2a', '{"sub": "a3f4d29f-456c-487b-ba2a-fc791fd3cf2a", "email": "julia.n@demo.fr", "email_verified": true, "phone_verified": false}'::jsonb, 'email', 'a3f4d29f-456c-487b-ba2a-fc791fd3cf2a', now(), now(), now() WHERE NOT EXISTS (SELECT 1 FROM auth.identities WHERE user_id = 'a3f4d29f-456c-487b-ba2a-fc791fd3cf2a' AND provider = 'email');
INSERT INTO auth.users (instance_id, id, aud, role, email, encrypted_password, email_confirmed_at, raw_app_meta_data, raw_user_meta_data, created_at, updated_at, confirmation_token, recovery_token, email_change, email_change_token_new, email_change_token_current, phone_change, phone_change_token, reauthentication_token) VALUES ('00000000-0000-0000-0000-000000000000', '6ad234f5-2650-48e6-8341-db6bee6ee8d7', 'authenticated', 'authenticated', 'karim@ink.demo', crypt('demo-ink-2026!', gen_salt('bf')), now(), '{"provider":"email","providers":["email"]}'::jsonb, '{"email_verified": true}'::jsonb, now(), now(), '', '', '', '', '', '', '', '') ON CONFLICT (id) DO NOTHING;
INSERT INTO auth.identities (id, user_id, identity_data, provider, provider_id, last_sign_in_at, created_at, updated_at) SELECT gen_random_uuid(), '6ad234f5-2650-48e6-8341-db6bee6ee8d7', '{"sub": "6ad234f5-2650-48e6-8341-db6bee6ee8d7", "email": "karim@ink.demo", "email_verified": true, "phone_verified": false}'::jsonb, 'email', '6ad234f5-2650-48e6-8341-db6bee6ee8d7', now(), now(), now() WHERE NOT EXISTS (SELECT 1 FROM auth.identities WHERE user_id = '6ad234f5-2650-48e6-8341-db6bee6ee8d7' AND provider = 'email');
INSERT INTO auth.users (instance_id, id, aud, role, email, encrypted_password, email_confirmed_at, raw_app_meta_data, raw_user_meta_data, created_at, updated_at, confirmation_token, recovery_token, email_change, email_change_token_new, email_change_token_current, phone_change, phone_change_token, reauthentication_token) VALUES ('00000000-0000-0000-0000-000000000000', '1558bd9e-60b7-4c8a-8c53-87f872f8136a', 'authenticated', 'authenticated', 'kevin.a@demo.fr', crypt('demo-ink-2026!', gen_salt('bf')), now(), '{"provider":"email","providers":["email"]}'::jsonb, '{"email_verified": true}'::jsonb, now(), now(), '', '', '', '', '', '', '', '') ON CONFLICT (id) DO NOTHING;
INSERT INTO auth.identities (id, user_id, identity_data, provider, provider_id, last_sign_in_at, created_at, updated_at) SELECT gen_random_uuid(), '1558bd9e-60b7-4c8a-8c53-87f872f8136a', '{"sub": "1558bd9e-60b7-4c8a-8c53-87f872f8136a", "email": "kevin.a@demo.fr", "email_verified": true, "phone_verified": false}'::jsonb, 'email', '1558bd9e-60b7-4c8a-8c53-87f872f8136a', now(), now(), now() WHERE NOT EXISTS (SELECT 1 FROM auth.identities WHERE user_id = '1558bd9e-60b7-4c8a-8c53-87f872f8136a' AND provider = 'email');
INSERT INTO auth.users (instance_id, id, aud, role, email, encrypted_password, email_confirmed_at, raw_app_meta_data, raw_user_meta_data, created_at, updated_at, confirmation_token, recovery_token, email_change, email_change_token_new, email_change_token_current, phone_change, phone_change_token, reauthentication_token) VALUES ('00000000-0000-0000-0000-000000000000', '9b2723c1-6da6-498c-bd71-fe39d4060ecc', 'authenticated', 'authenticated', 'lea.botanica@ink.demo', crypt('demo-ink-2026!', gen_salt('bf')), now(), '{"provider":"email","providers":["email"]}'::jsonb, '{"username": "lea_botanica", "display_name": "Léa Botanica"}'::jsonb, now(), now(), '', '', '', '', '', '', '', '') ON CONFLICT (id) DO NOTHING;
INSERT INTO auth.identities (id, user_id, identity_data, provider, provider_id, last_sign_in_at, created_at, updated_at) SELECT gen_random_uuid(), '9b2723c1-6da6-498c-bd71-fe39d4060ecc', '{"sub": "9b2723c1-6da6-498c-bd71-fe39d4060ecc", "email": "lea.botanica@ink.demo", "email_verified": true, "phone_verified": false}'::jsonb, 'email', '9b2723c1-6da6-498c-bd71-fe39d4060ecc', now(), now(), now() WHERE NOT EXISTS (SELECT 1 FROM auth.identities WHERE user_id = '9b2723c1-6da6-498c-bd71-fe39d4060ecc' AND provider = 'email');
INSERT INTO auth.users (instance_id, id, aud, role, email, encrypted_password, email_confirmed_at, raw_app_meta_data, raw_user_meta_data, created_at, updated_at, confirmation_token, recovery_token, email_change, email_change_token_new, email_change_token_current, phone_change, phone_change_token, reauthentication_token) VALUES ('00000000-0000-0000-0000-000000000000', '584e65e0-630c-440a-b762-c86e5d4e74fc', 'authenticated', 'authenticated', 'lea.martin@demo.fr', crypt('demo-ink-2026!', gen_salt('bf')), now(), '{"provider":"email","providers":["email"]}'::jsonb, '{"email_verified": true}'::jsonb, now(), now(), '', '', '', '', '', '', '', '') ON CONFLICT (id) DO NOTHING;
INSERT INTO auth.identities (id, user_id, identity_data, provider, provider_id, last_sign_in_at, created_at, updated_at) SELECT gen_random_uuid(), '584e65e0-630c-440a-b762-c86e5d4e74fc', '{"sub": "584e65e0-630c-440a-b762-c86e5d4e74fc", "email": "lea.martin@demo.fr", "email_verified": true, "phone_verified": false}'::jsonb, 'email', '584e65e0-630c-440a-b762-c86e5d4e74fc', now(), now(), now() WHERE NOT EXISTS (SELECT 1 FROM auth.identities WHERE user_id = '584e65e0-630c-440a-b762-c86e5d4e74fc' AND provider = 'email');
INSERT INTO auth.users (instance_id, id, aud, role, email, encrypted_password, email_confirmed_at, raw_app_meta_data, raw_user_meta_data, created_at, updated_at, confirmation_token, recovery_token, email_change, email_change_token_new, email_change_token_current, phone_change, phone_change_token, reauthentication_token) VALUES ('00000000-0000-0000-0000-000000000000', 'ab8b7de8-ee09-4c38-8e28-696eacb84caa', 'authenticated', 'authenticated', 'lucas.m@demo.fr', crypt('demo-ink-2026!', gen_salt('bf')), now(), '{"provider":"email","providers":["email"]}'::jsonb, '{"email_verified": true}'::jsonb, now(), now(), '', '', '', '', '', '', '', '') ON CONFLICT (id) DO NOTHING;
INSERT INTO auth.identities (id, user_id, identity_data, provider, provider_id, last_sign_in_at, created_at, updated_at) SELECT gen_random_uuid(), 'ab8b7de8-ee09-4c38-8e28-696eacb84caa', '{"sub": "ab8b7de8-ee09-4c38-8e28-696eacb84caa", "email": "lucas.m@demo.fr", "email_verified": true, "phone_verified": false}'::jsonb, 'email', 'ab8b7de8-ee09-4c38-8e28-696eacb84caa', now(), now(), now() WHERE NOT EXISTS (SELECT 1 FROM auth.identities WHERE user_id = 'ab8b7de8-ee09-4c38-8e28-696eacb84caa' AND provider = 'email');
INSERT INTO auth.users (instance_id, id, aud, role, email, encrypted_password, email_confirmed_at, raw_app_meta_data, raw_user_meta_data, created_at, updated_at, confirmation_token, recovery_token, email_change, email_change_token_new, email_change_token_current, phone_change, phone_change_token, reauthentication_token) VALUES ('00000000-0000-0000-0000-000000000000', 'efd00474-9dd7-4bd0-a9bc-855314802650', 'authenticated', 'authenticated', 'lucas@ink.demo', crypt('demo-ink-2026!', gen_salt('bf')), now(), '{"provider":"email","providers":["email"]}'::jsonb, '{"email_verified": true}'::jsonb, now(), now(), '', '', '', '', '', '', '', '') ON CONFLICT (id) DO NOTHING;
INSERT INTO auth.identities (id, user_id, identity_data, provider, provider_id, last_sign_in_at, created_at, updated_at) SELECT gen_random_uuid(), 'efd00474-9dd7-4bd0-a9bc-855314802650', '{"sub": "efd00474-9dd7-4bd0-a9bc-855314802650", "email": "lucas@ink.demo", "email_verified": true, "phone_verified": false}'::jsonb, 'email', 'efd00474-9dd7-4bd0-a9bc-855314802650', now(), now(), now() WHERE NOT EXISTS (SELECT 1 FROM auth.identities WHERE user_id = 'efd00474-9dd7-4bd0-a9bc-855314802650' AND provider = 'email');
INSERT INTO auth.users (instance_id, id, aud, role, email, encrypted_password, email_confirmed_at, raw_app_meta_data, raw_user_meta_data, created_at, updated_at, confirmation_token, recovery_token, email_change, email_change_token_new, email_change_token_current, phone_change, phone_change_token, reauthentication_token) VALUES ('00000000-0000-0000-0000-000000000000', 'bde4b08d-a5a1-4a15-ac37-d82b2193aca2', 'authenticated', 'authenticated', 'manon.l@demo.fr', crypt('demo-ink-2026!', gen_salt('bf')), now(), '{"provider":"email","providers":["email"]}'::jsonb, '{"email_verified": true}'::jsonb, now(), now(), '', '', '', '', '', '', '', '') ON CONFLICT (id) DO NOTHING;
INSERT INTO auth.identities (id, user_id, identity_data, provider, provider_id, last_sign_in_at, created_at, updated_at) SELECT gen_random_uuid(), 'bde4b08d-a5a1-4a15-ac37-d82b2193aca2', '{"sub": "bde4b08d-a5a1-4a15-ac37-d82b2193aca2", "email": "manon.l@demo.fr", "email_verified": true, "phone_verified": false}'::jsonb, 'email', 'bde4b08d-a5a1-4a15-ac37-d82b2193aca2', now(), now(), now() WHERE NOT EXISTS (SELECT 1 FROM auth.identities WHERE user_id = 'bde4b08d-a5a1-4a15-ac37-d82b2193aca2' AND provider = 'email');
INSERT INTO auth.users (instance_id, id, aud, role, email, encrypted_password, email_confirmed_at, raw_app_meta_data, raw_user_meta_data, created_at, updated_at, confirmation_token, recovery_token, email_change, email_change_token_new, email_change_token_current, phone_change, phone_change_token, reauthentication_token) VALUES ('00000000-0000-0000-0000-000000000000', 'bdf40dc4-cf4a-4bfe-a301-c5b203434e8b', 'authenticated', 'authenticated', 'marco@ink.demo', crypt('demo-ink-2026!', gen_salt('bf')), now(), '{"provider":"email","providers":["email"]}'::jsonb, '{"username": "marco_trad", "display_name": "Marco Trad"}'::jsonb, now(), now(), '', '', '', '', '', '', '', '') ON CONFLICT (id) DO NOTHING;
INSERT INTO auth.identities (id, user_id, identity_data, provider, provider_id, last_sign_in_at, created_at, updated_at) SELECT gen_random_uuid(), 'bdf40dc4-cf4a-4bfe-a301-c5b203434e8b', '{"sub": "bdf40dc4-cf4a-4bfe-a301-c5b203434e8b", "email": "marco@ink.demo", "email_verified": true, "phone_verified": false}'::jsonb, 'email', 'bdf40dc4-cf4a-4bfe-a301-c5b203434e8b', now(), now(), now() WHERE NOT EXISTS (SELECT 1 FROM auth.identities WHERE user_id = 'bdf40dc4-cf4a-4bfe-a301-c5b203434e8b' AND provider = 'email');
INSERT INTO auth.users (instance_id, id, aud, role, email, encrypted_password, email_confirmed_at, raw_app_meta_data, raw_user_meta_data, created_at, updated_at, confirmation_token, recovery_token, email_change, email_change_token_new, email_change_token_current, phone_change, phone_change_token, reauthentication_token) VALUES ('00000000-0000-0000-0000-000000000000', '33b5504a-f85c-4ba0-b27b-e6b054d5f127', 'authenticated', 'authenticated', 'mathieu.c@demo.fr', crypt('demo-ink-2026!', gen_salt('bf')), now(), '{"provider":"email","providers":["email"]}'::jsonb, '{"email_verified": true}'::jsonb, now(), now(), '', '', '', '', '', '', '', '') ON CONFLICT (id) DO NOTHING;
INSERT INTO auth.identities (id, user_id, identity_data, provider, provider_id, last_sign_in_at, created_at, updated_at) SELECT gen_random_uuid(), '33b5504a-f85c-4ba0-b27b-e6b054d5f127', '{"sub": "33b5504a-f85c-4ba0-b27b-e6b054d5f127", "email": "mathieu.c@demo.fr", "email_verified": true, "phone_verified": false}'::jsonb, 'email', '33b5504a-f85c-4ba0-b27b-e6b054d5f127', now(), now(), now() WHERE NOT EXISTS (SELECT 1 FROM auth.identities WHERE user_id = '33b5504a-f85c-4ba0-b27b-e6b054d5f127' AND provider = 'email');
INSERT INTO auth.users (instance_id, id, aud, role, email, encrypted_password, email_confirmed_at, raw_app_meta_data, raw_user_meta_data, created_at, updated_at, confirmation_token, recovery_token, email_change, email_change_token_new, email_change_token_current, phone_change, phone_change_token, reauthentication_token) VALUES ('00000000-0000-0000-0000-000000000000', '186b842d-d05d-4689-84a0-27bf4d9cdc4e', 'authenticated', 'authenticated', 'maya@ink.demo', crypt('demo-ink-2026!', gen_salt('bf')), now(), '{"provider":"email","providers":["email"]}'::jsonb, '{"email_verified": true}'::jsonb, now(), now(), '', '', '', '', '', '', '', '') ON CONFLICT (id) DO NOTHING;
INSERT INTO auth.identities (id, user_id, identity_data, provider, provider_id, last_sign_in_at, created_at, updated_at) SELECT gen_random_uuid(), '186b842d-d05d-4689-84a0-27bf4d9cdc4e', '{"sub": "186b842d-d05d-4689-84a0-27bf4d9cdc4e", "email": "maya@ink.demo", "email_verified": true, "phone_verified": false}'::jsonb, 'email', '186b842d-d05d-4689-84a0-27bf4d9cdc4e', now(), now(), now() WHERE NOT EXISTS (SELECT 1 FROM auth.identities WHERE user_id = '186b842d-d05d-4689-84a0-27bf4d9cdc4e' AND provider = 'email');
INSERT INTO auth.users (instance_id, id, aud, role, email, encrypted_password, email_confirmed_at, raw_app_meta_data, raw_user_meta_data, created_at, updated_at, confirmation_token, recovery_token, email_change, email_change_token_new, email_change_token_current, phone_change, phone_change_token, reauthentication_token) VALUES ('00000000-0000-0000-0000-000000000000', '7b8cec5e-8c02-4425-b9b0-66f83ddb6577', 'authenticated', 'authenticated', 'nina@ink.demo', crypt('demo-ink-2026!', gen_salt('bf')), now(), '{"provider":"email","providers":["email"]}'::jsonb, '{"username": "nina_aiguille", "display_name": "Nina Aiguille"}'::jsonb, now(), now(), '', '', '', '', '', '', '', '') ON CONFLICT (id) DO NOTHING;
INSERT INTO auth.identities (id, user_id, identity_data, provider, provider_id, last_sign_in_at, created_at, updated_at) SELECT gen_random_uuid(), '7b8cec5e-8c02-4425-b9b0-66f83ddb6577', '{"sub": "7b8cec5e-8c02-4425-b9b0-66f83ddb6577", "email": "nina@ink.demo", "email_verified": true, "phone_verified": false}'::jsonb, 'email', '7b8cec5e-8c02-4425-b9b0-66f83ddb6577', now(), now(), now() WHERE NOT EXISTS (SELECT 1 FROM auth.identities WHERE user_id = '7b8cec5e-8c02-4425-b9b0-66f83ddb6577' AND provider = 'email');
INSERT INTO auth.users (instance_id, id, aud, role, email, encrypted_password, email_confirmed_at, raw_app_meta_data, raw_user_meta_data, created_at, updated_at, confirmation_token, recovery_token, email_change, email_change_token_new, email_change_token_current, phone_change, phone_change_token, reauthentication_token) VALUES ('00000000-0000-0000-0000-000000000000', '1b387ae4-b68e-4cda-b60d-6661f9359c73', 'authenticated', 'authenticated', 'romain.f@demo.fr', crypt('demo-ink-2026!', gen_salt('bf')), now(), '{"provider":"email","providers":["email"]}'::jsonb, '{"email_verified": true}'::jsonb, now(), now(), '', '', '', '', '', '', '', '') ON CONFLICT (id) DO NOTHING;
INSERT INTO auth.identities (id, user_id, identity_data, provider, provider_id, last_sign_in_at, created_at, updated_at) SELECT gen_random_uuid(), '1b387ae4-b68e-4cda-b60d-6661f9359c73', '{"sub": "1b387ae4-b68e-4cda-b60d-6661f9359c73", "email": "romain.f@demo.fr", "email_verified": true, "phone_verified": false}'::jsonb, 'email', '1b387ae4-b68e-4cda-b60d-6661f9359c73', now(), now(), now() WHERE NOT EXISTS (SELECT 1 FROM auth.identities WHERE user_id = '1b387ae4-b68e-4cda-b60d-6661f9359c73' AND provider = 'email');
INSERT INTO auth.users (instance_id, id, aud, role, email, encrypted_password, email_confirmed_at, raw_app_meta_data, raw_user_meta_data, created_at, updated_at, confirmation_token, recovery_token, email_change, email_change_token_new, email_change_token_current, phone_change, phone_change_token, reauthentication_token) VALUES ('00000000-0000-0000-0000-000000000000', '68949e3e-86f3-4a1f-8974-4b0d03ba3e5c', 'authenticated', 'authenticated', 'sofia.b@demo.fr', crypt('demo-ink-2026!', gen_salt('bf')), now(), '{"provider":"email","providers":["email"]}'::jsonb, '{"email_verified": true}'::jsonb, now(), now(), '', '', '', '', '', '', '', '') ON CONFLICT (id) DO NOTHING;
INSERT INTO auth.identities (id, user_id, identity_data, provider, provider_id, last_sign_in_at, created_at, updated_at) SELECT gen_random_uuid(), '68949e3e-86f3-4a1f-8974-4b0d03ba3e5c', '{"sub": "68949e3e-86f3-4a1f-8974-4b0d03ba3e5c", "email": "sofia.b@demo.fr", "email_verified": true, "phone_verified": false}'::jsonb, 'email', '68949e3e-86f3-4a1f-8974-4b0d03ba3e5c', now(), now(), now() WHERE NOT EXISTS (SELECT 1 FROM auth.identities WHERE user_id = '68949e3e-86f3-4a1f-8974-4b0d03ba3e5c' AND provider = 'email');
INSERT INTO auth.users (instance_id, id, aud, role, email, encrypted_password, email_confirmed_at, raw_app_meta_data, raw_user_meta_data, created_at, updated_at, confirmation_token, recovery_token, email_change, email_change_token_new, email_change_token_current, phone_change, phone_change_token, reauthentication_token) VALUES ('00000000-0000-0000-0000-000000000000', 'fec22eea-1e6f-4a82-8134-0e225693c777', 'authenticated', 'authenticated', 'sofia@ink.demo', crypt('demo-ink-2026!', gen_salt('bf')), now(), '{"provider":"email","providers":["email"]}'::jsonb, '{"email_verified": true}'::jsonb, now(), now(), '', '', '', '', '', '', '', '') ON CONFLICT (id) DO NOTHING;
INSERT INTO auth.identities (id, user_id, identity_data, provider, provider_id, last_sign_in_at, created_at, updated_at) SELECT gen_random_uuid(), 'fec22eea-1e6f-4a82-8134-0e225693c777', '{"sub": "fec22eea-1e6f-4a82-8134-0e225693c777", "email": "sofia@ink.demo", "email_verified": true, "phone_verified": false}'::jsonb, 'email', 'fec22eea-1e6f-4a82-8134-0e225693c777', now(), now(), now() WHERE NOT EXISTS (SELECT 1 FROM auth.identities WHERE user_id = 'fec22eea-1e6f-4a82-8134-0e225693c777' AND provider = 'email');
INSERT INTO auth.users (instance_id, id, aud, role, email, encrypted_password, email_confirmed_at, raw_app_meta_data, raw_user_meta_data, created_at, updated_at, confirmation_token, recovery_token, email_change, email_change_token_new, email_change_token_current, phone_change, phone_change_token, reauthentication_token) VALUES ('00000000-0000-0000-0000-000000000000', 'f4d56e03-2a28-418e-934e-bec0f8caeb96', 'authenticated', 'authenticated', 'theo@ink.demo', crypt('demo-ink-2026!', gen_salt('bf')), now(), '{"provider":"email","providers":["email"]}'::jsonb, '{"username": "theo_ligne", "display_name": "Théo Ligne"}'::jsonb, now(), now(), '', '', '', '', '', '', '', '') ON CONFLICT (id) DO NOTHING;
INSERT INTO auth.identities (id, user_id, identity_data, provider, provider_id, last_sign_in_at, created_at, updated_at) SELECT gen_random_uuid(), 'f4d56e03-2a28-418e-934e-bec0f8caeb96', '{"sub": "f4d56e03-2a28-418e-934e-bec0f8caeb96", "email": "theo@ink.demo", "email_verified": true, "phone_verified": false}'::jsonb, 'email', 'f4d56e03-2a28-418e-934e-bec0f8caeb96', now(), now(), now() WHERE NOT EXISTS (SELECT 1 FROM auth.identities WHERE user_id = 'f4d56e03-2a28-418e-934e-bec0f8caeb96' AND provider = 'email');
INSERT INTO auth.users (instance_id, id, aud, role, email, encrypted_password, email_confirmed_at, raw_app_meta_data, raw_user_meta_data, created_at, updated_at, confirmation_token, recovery_token, email_change, email_change_token_new, email_change_token_current, phone_change, phone_change_token, reauthentication_token) VALUES ('00000000-0000-0000-0000-000000000000', '961d494c-95d3-4f70-9a1a-a75dd7b1dc82', 'authenticated', 'authenticated', 'thomas.b@demo.fr', crypt('demo-ink-2026!', gen_salt('bf')), now(), '{"provider":"email","providers":["email"]}'::jsonb, '{"email_verified": true}'::jsonb, now(), now(), '', '', '', '', '', '', '', '') ON CONFLICT (id) DO NOTHING;
INSERT INTO auth.identities (id, user_id, identity_data, provider, provider_id, last_sign_in_at, created_at, updated_at) SELECT gen_random_uuid(), '961d494c-95d3-4f70-9a1a-a75dd7b1dc82', '{"sub": "961d494c-95d3-4f70-9a1a-a75dd7b1dc82", "email": "thomas.b@demo.fr", "email_verified": true, "phone_verified": false}'::jsonb, 'email', '961d494c-95d3-4f70-9a1a-a75dd7b1dc82', now(), now(), now() WHERE NOT EXISTS (SELECT 1 FROM auth.identities WHERE user_id = '961d494c-95d3-4f70-9a1a-a75dd7b1dc82' AND provider = 'email');
INSERT INTO auth.users (instance_id, id, aud, role, email, encrypted_password, email_confirmed_at, raw_app_meta_data, raw_user_meta_data, created_at, updated_at, confirmation_token, recovery_token, email_change, email_change_token_new, email_change_token_current, phone_change, phone_change_token, reauthentication_token) VALUES ('00000000-0000-0000-0000-000000000000', 'fca49c39-d61e-42d5-9b2c-57eb58c38858', 'authenticated', 'authenticated', 'yanis@ink.demo', crypt('demo-ink-2026!', gen_salt('bf')), now(), '{"provider":"email","providers":["email"]}'::jsonb, '{"username": "yanis_irezumi", "display_name": "Yanis Irezumi"}'::jsonb, now(), now(), '', '', '', '', '', '', '', '') ON CONFLICT (id) DO NOTHING;
INSERT INTO auth.identities (id, user_id, identity_data, provider, provider_id, last_sign_in_at, created_at, updated_at) SELECT gen_random_uuid(), 'fca49c39-d61e-42d5-9b2c-57eb58c38858', '{"sub": "fca49c39-d61e-42d5-9b2c-57eb58c38858", "email": "yanis@ink.demo", "email_verified": true, "phone_verified": false}'::jsonb, 'email', 'fca49c39-d61e-42d5-9b2c-57eb58c38858', now(), now(), now() WHERE NOT EXISTS (SELECT 1 FROM auth.identities WHERE user_id = 'fca49c39-d61e-42d5-9b2c-57eb58c38858' AND provider = 'email');

-- ── PROFILS ──
UPDATE profiles SET role='artist', display_name='Adam Point', username='adam_point', avatar_url='https://i.pravatar.cc/300?u=adam_point', bio='Dotwork et mandalas millimétrés. La patience est mon style.', city='Grenoble', lat='45.1885', lng='5.7245', instagram=NULL, style_tags='{dotwork,mandala,géométrique}', instagram_handle=NULL, booking_url=NULL, years_experience=NULL, starting_price='150', accepts_projects='t', is_verified='t', is_founder='f' WHERE id='aca4efa4-7b7d-486a-bf3f-c4aca931a388';
UPDATE profiles SET role='client', display_name='Antoine Garcia', username='ant_garcia', avatar_url=NULL, bio=NULL, city='Nice', lat=NULL, lng=NULL, instagram=NULL, style_tags='{néo-trad,illustratif}', instagram_handle=NULL, booking_url=NULL, years_experience=NULL, starting_price=NULL, accepts_projects='f', is_verified='f', is_founder='f' WHERE id='65685cfa-a3ac-4758-9eca-1b40a3de9c4b';
UPDATE profiles SET role='client', display_name='Camille Rousseau', username='cam_rss', avatar_url=NULL, bio=NULL, city='Bordeaux', lat=NULL, lng=NULL, instagram=NULL, style_tags='{réalisme,portrait}', instagram_handle=NULL, booking_url=NULL, years_experience=NULL, starting_price=NULL, accepts_projects='f', is_verified='f', is_founder='f' WHERE id='24e71736-625f-41cc-9903-63cf9333b9d0';
UPDATE profiles SET role='client', display_name='Chloé Morel', username='chloe_mr', avatar_url=NULL, bio=NULL, city='Bordeaux', lat=NULL, lng=NULL, instagram=NULL, style_tags='{watercolor,couleur}', instagram_handle=NULL, booking_url=NULL, years_experience=NULL, starting_price=NULL, accepts_projects='f', is_verified='f', is_founder='f' WHERE id='88df4f61-4710-42a0-a511-cf9bff2c0f97';
UPDATE profiles SET role='artist', display_name='Clara Sombra', username='clara_sombra', avatar_url='https://i.pravatar.cc/300?u=clara_sombra', bio='Réalisme noir et gris. Portraits et pièces animalières.', city='Montpellier', lat='43.6108', lng='3.8767', instagram=NULL, style_tags='{réalisme,portrait,blackwork}', instagram_handle=NULL, booking_url=NULL, years_experience=NULL, starting_price='220', accepts_projects='t', is_verified='t', is_founder='f' WHERE id='49a916b0-034c-4279-8906-b772e5965d05';
UPDATE profiles SET role='artist', display_name='Élise Gris', username='elise_gris', avatar_url='https://images.unsplash.com/photo-1438761681033-6461ffad8d80?w=200&q=80&fit=crop&crop=face', bio='Aquarelle & illustratif. Chaque tattoo est unique. Nantes.', city='Nantes', lat='47.2184', lng='-1.5536', instagram='elise.gris.art', style_tags='{watercolor,illustratif,aquarelle}', instagram_handle=NULL, booking_url=NULL, years_experience=NULL, starting_price='130', accepts_projects='t', is_verified='f', is_founder='f' WHERE id='336b2022-2d74-4fa9-a282-c48f1302a96a';
UPDATE profiles SET role='client', display_name='Emma Petit', username='emma_pt', avatar_url=NULL, bio=NULL, city='Strasbourg', lat=NULL, lng=NULL, instagram=NULL, style_tags='{lettering,minimaliste}', instagram_handle=NULL, booking_url=NULL, years_experience=NULL, starting_price=NULL, accepts_projects='f', is_verified='f', is_founder='f' WHERE id='4180ea8c-9e39-4c63-8387-ed1dd835b724';
UPDATE profiles SET role='client', display_name='Hugo Dubois', username='hugo_dbs', avatar_url=NULL, bio=NULL, city='Marseille', lat=NULL, lng=NULL, instagram=NULL, style_tags='{japonais,"old school"}', instagram_handle=NULL, booking_url=NULL, years_experience=NULL, starting_price=NULL, accepts_projects='f', is_verified='f', is_founder='f' WHERE id='b35bdc9f-dbe1-4832-a2c4-3959717e1bc2';
UPDATE profiles SET role='client', display_name='Inès Vidal', username='ines_v', avatar_url=NULL, bio=NULL, city='Montpellier', lat=NULL, lng=NULL, instagram=NULL, style_tags='{mandala,géométrique}', instagram_handle=NULL, booking_url=NULL, years_experience=NULL, starting_price=NULL, accepts_projects='f', is_verified='f', is_founder='f' WHERE id='7f82adf3-d4fc-4788-b7c6-b0e149cfad19';
UPDATE profiles SET role='artist', display_name='Jade Encre Rouge', username='jade_rouge', avatar_url='https://i.pravatar.cc/300?u=jade_rouge', bio='Aquarelle vibrante et pièces colorées pleines de vie.', city='Tours', lat='47.3941', lng='0.6848', instagram=NULL, style_tags='{watercolor,couleur,illustratif}', instagram_handle=NULL, booking_url=NULL, years_experience=NULL, starting_price='130', accepts_projects='t', is_verified='t', is_founder='f' WHERE id='e06a7a51-e21d-4a7a-b026-5ae6cfd0a61c';
UPDATE profiles SET role='client', display_name='Julia Nguyen', username='julia_ng', avatar_url=NULL, bio=NULL, city='Paris', lat=NULL, lng=NULL, instagram=NULL, style_tags='{"fine line",dotwork}', instagram_handle=NULL, booking_url=NULL, years_experience=NULL, starting_price=NULL, accepts_projects='f', is_verified='f', is_founder='f' WHERE id='a3f4d29f-456c-487b-ba2a-fc791fd3cf2a';
UPDATE profiles SET role='artist', display_name='Karim Ink', username='karim_ink', avatar_url='https://images.unsplash.com/photo-1507003211169-0a1dd7228f2d?w=200&q=80&fit=crop&crop=face', bio='Japonais traditionnel & new school. Covers welcome. Marseille.', city='Marseille', lat='43.2965', lng='5.3698', instagram='karim.ink.official', style_tags='{japonais,"old school",neo-trad}', instagram_handle=NULL, booking_url=NULL, years_experience=NULL, starting_price='180', accepts_projects='t', is_verified='f', is_founder='f' WHERE id='6ad234f5-2650-48e6-8341-db6bee6ee8d7';
UPDATE profiles SET role='client', display_name='Kevin Arnaud', username='kevin_ar', avatar_url=NULL, bio=NULL, city='Grenoble', lat=NULL, lng=NULL, instagram=NULL, style_tags='{réalisme,portrait}', instagram_handle=NULL, booking_url=NULL, years_experience=NULL, starting_price=NULL, accepts_projects='f', is_verified='f', is_founder='f' WHERE id='1558bd9e-60b7-4c8a-8c53-87f872f8136a';
UPDATE profiles SET role='artist', display_name='Léa Botanica', username='lea_botanica', avatar_url='https://i.pravatar.cc/300?u=lea_botanica', bio='Botanique et illustratif. Chaque plante raconte une histoire.', city='Nice', lat='43.7102', lng='7.262', instagram=NULL, style_tags='{illustratif,"fine line",watercolor}', instagram_handle=NULL, booking_url=NULL, years_experience=NULL, starting_price='140', accepts_projects='t', is_verified='t', is_founder='f' WHERE id='9b2723c1-6da6-498c-bd71-fe39d4060ecc';
UPDATE profiles SET role='client', display_name='Léa Martin', username='lea_m', avatar_url='https://images.unsplash.com/photo-1494790108377-be9c29b29330?w=200&q=80&fit=crop&crop=face', bio='Passionnée de tatouage fine line. En recherche de l''artiste idéal pour mon premier grand projet.', city='Paris', lat=NULL, lng=NULL, instagram=NULL, style_tags='{"fine line",minimaliste}', instagram_handle=NULL, booking_url=NULL, years_experience=NULL, starting_price=NULL, accepts_projects='f', is_verified='f', is_founder='f' WHERE id='584e65e0-630c-440a-b762-c86e5d4e74fc';
UPDATE profiles SET role='client', display_name='Lucas Moreau', username='luc_mr', avatar_url=NULL, bio=NULL, city='Nantes', lat=NULL, lng=NULL, instagram=NULL, style_tags='{dotwork,mandala}', instagram_handle=NULL, booking_url=NULL, years_experience=NULL, starting_price=NULL, accepts_projects='f', is_verified='f', is_founder='f' WHERE id='ab8b7de8-ee09-4c38-8e28-696eacb84caa';
UPDATE profiles SET role='artist', display_name='Lucas Shade', username='lucas_shade', avatar_url='https://images.unsplash.com/photo-1500648767791-00dcc994a43e?w=200&q=80&fit=crop&crop=face', bio='Réalisme noir & gris. Portraits, animaux, nature morte. Lyon.', city='Lyon', lat='45.764', lng='4.8357', instagram='lucas.shade.tattoo', style_tags='{réalisme,blackwork,portrait}', instagram_handle=NULL, booking_url=NULL, years_experience=NULL, starting_price='200', accepts_projects='t', is_verified='f', is_founder='f' WHERE id='efd00474-9dd7-4bd0-a9bc-855314802650';
UPDATE profiles SET role='client', display_name='Manon Laurent', username='manon_l', avatar_url=NULL, bio=NULL, city='Toulouse', lat=NULL, lng=NULL, instagram=NULL, style_tags='{watercolor,"fine line"}', instagram_handle=NULL, booking_url=NULL, years_experience=NULL, starting_price=NULL, accepts_projects='f', is_verified='f', is_founder='f' WHERE id='bde4b08d-a5a1-4a15-ac37-d82b2193aca2';
UPDATE profiles SET role='artist', display_name='Marco Trad', username='marco_trad', avatar_url='https://i.pravatar.cc/300?u=marco_trad', bio='Traditionnel américain et néo-trad haut en couleur. 12 ans de métier.', city='Strasbourg', lat='48.5734', lng='7.7521', instagram=NULL, style_tags='{"old school",neo-trad,couleur}', instagram_handle=NULL, booking_url=NULL, years_experience=NULL, starting_price='170', accepts_projects='t', is_verified='t', is_founder='f' WHERE id='bdf40dc4-cf4a-4bfe-a301-c5b203434e8b';
UPDATE profiles SET role='client', display_name='Mathieu Clement', username='math_cl', avatar_url=NULL, bio=NULL, city='Lille', lat=NULL, lng=NULL, instagram=NULL, style_tags='{blackwork,couleur}', instagram_handle=NULL, booking_url=NULL, years_experience=NULL, starting_price=NULL, accepts_projects='f', is_verified='f', is_founder='f' WHERE id='33b5504a-f85c-4ba0-b27b-e6b054d5f127';
UPDATE profiles SET role='artist', display_name='Maya Noir', username='maya_noir', avatar_url='https://images.unsplash.com/photo-1531746020798-e6953c6e8e04?w=200&q=80&fit=crop&crop=face', bio='Fine line & mandala depuis 8 ans. Basée à Paris 11e, guest spots réguliers à Lyon et Bordeaux. Chaque projet est unique — on en parle ensemble.', city='Paris', lat='48.8566', lng='2.3522', instagram='maya.noir.ink', style_tags='{"fine line",mandala,dotwork,minimaliste}', instagram_handle=NULL, booking_url=NULL, years_experience=NULL, starting_price='150', accepts_projects='t', is_verified='t', is_founder='f' WHERE id='186b842d-d05d-4689-84a0-27bf4d9cdc4e';
UPDATE profiles SET role='artist', display_name='Nina Aiguille', username='nina_aiguille', avatar_url='https://i.pravatar.cc/300?u=nina_aiguille', bio='Fine line délicat et lettering. Douceur garantie, même pour un premier tattoo.', city='Toulouse', lat='43.6047', lng='1.4442', instagram=NULL, style_tags='{"fine line",lettering,minimaliste}', instagram_handle=NULL, booking_url=NULL, years_experience=NULL, starting_price='100', accepts_projects='t', is_verified='t', is_founder='f' WHERE id='7b8cec5e-8c02-4425-b9b0-66f83ddb6577';
UPDATE profiles SET role='client', display_name='Romain Fontaine', username='romain_ft', avatar_url=NULL, bio=NULL, city='Paris', lat=NULL, lng=NULL, instagram=NULL, style_tags='{japonais,blackwork}', instagram_handle=NULL, booking_url=NULL, years_experience=NULL, starting_price=NULL, accepts_projects='f', is_verified='f', is_founder='f' WHERE id='1b387ae4-b68e-4cda-b60d-6661f9359c73';
UPDATE profiles SET role='client', display_name='Sofia Blanc', username='sofia_bc', avatar_url=NULL, bio=NULL, city='Rennes', lat=NULL, lng=NULL, instagram=NULL, style_tags='{"fine line",réalisme}', instagram_handle=NULL, booking_url=NULL, years_experience=NULL, starting_price=NULL, accepts_projects='f', is_verified='f', is_founder='f' WHERE id='68949e3e-86f3-4a1f-8974-4b0d03ba3e5c';
UPDATE profiles SET role='artist', display_name='Sofia Encre', username='sofia_encre', avatar_url='https://images.unsplash.com/photo-1494790108377-be9c29b29330?w=200&q=80&fit=crop&crop=face', bio='Fine line, minimaliste & watercolor. Bordeaux centre.', city='Bordeaux', lat='44.8378', lng='-0.5792', instagram='sofia.encre', style_tags='{"fine line",minimaliste,watercolor}', instagram_handle=NULL, booking_url=NULL, years_experience=NULL, starting_price='120', accepts_projects='t', is_verified='f', is_founder='f' WHERE id='fec22eea-1e6f-4a82-8134-0e225693c777';
UPDATE profiles SET role='artist', display_name='Théo Ligne', username='theo_ligne', avatar_url='https://i.pravatar.cc/300?u=theo_ligne', bio='Blackwork et géométrie sacrée. Studio privé à Lille centre.', city='Lille', lat='50.6292', lng='3.0573', instagram=NULL, style_tags='{blackwork,géométrique,dotwork}', instagram_handle=NULL, booking_url=NULL, years_experience=NULL, starting_price='160', accepts_projects='t', is_verified='t', is_founder='f' WHERE id='f4d56e03-2a28-418e-934e-bec0f8caeb96';
UPDATE profiles SET role='client', display_name='Thomas Bernard', username='thomas_b', avatar_url=NULL, bio=NULL, city='Lyon', lat=NULL, lng=NULL, instagram=NULL, style_tags='{blackwork,géométrique}', instagram_handle=NULL, booking_url=NULL, years_experience=NULL, starting_price=NULL, accepts_projects='f', is_verified='f', is_founder='f' WHERE id='961d494c-95d3-4f70-9a1a-a75dd7b1dc82';
UPDATE profiles SET role='artist', display_name='Yanis Irezumi', username='yanis_irezumi', avatar_url='https://i.pravatar.cc/300?u=yanis_irezumi', bio='Irezumi contemporain. Grandes pièces uniquement : manches, dos, torse.', city='Rennes', lat='48.1173', lng='-1.6778', instagram=NULL, style_tags='{japonais,couleur}', instagram_handle=NULL, booking_url=NULL, years_experience=NULL, starting_price='250', accepts_projects='t', is_verified='t', is_founder='f' WHERE id='fca49c39-d61e-42d5-9b2c-57eb58c38858';

-- ── POSTS ──
INSERT INTO posts (id, artist_id, media_url, media_type, thumbnail_url, caption, style_tags, city, created_at, media_urls, music_url, music_name, title, body_placement, size_category, duration_minutes, price_type, price_min, price_max, availability_type, comments_enabled, status) VALUES ('c1000000-0000-0000-0000-000000000001', '186b842d-d05d-4689-84a0-27bf4d9cdc4e', 'https://images.pexels.com/photos/7203741/pexels-photo-7203741.jpeg?auto=compress&cs=tinysrgb&w=900', 'image', 'https://images.pexels.com/photos/7203741/pexels-photo-7203741.jpeg?auto=compress&cs=tinysrgb&w=400', 'Mains encrées après la session — fière du résultat', '{réalisme,mains,blackwork}', 'Paris', '2026-06-01 10:00:00+00', '{}', 'https://audio-ssl.itunes.apple.com/itunes-assets/AudioPreview125/v4/be/9b/35/be9b35f7-e564-fafa-8586-146e2f7b7320/mzaf_7128424125938593552.plus.aac.p.m4a', 'Industry Baby - Lil Nas X', NULL, NULL, NULL, NULL, 'on_quote', NULL, NULL, 'custom', 't', 'published') ON CONFLICT (id) DO NOTHING;
INSERT INTO posts (id, artist_id, media_url, media_type, thumbnail_url, caption, style_tags, city, created_at, media_urls, music_url, music_name, title, body_placement, size_category, duration_minutes, price_type, price_min, price_max, availability_type, comments_enabled, status) VALUES ('c1000000-0000-0000-0000-000000000010', 'fec22eea-1e6f-4a82-8134-0e225693c777', 'https://images.pexels.com/photos/1784272/pexels-photo-1784272.jpeg?auto=compress&cs=tinysrgb&w=900', 'image', 'https://images.pexels.com/photos/1784272/pexels-photo-1784272.jpeg?auto=compress&cs=tinysrgb&w=400', 'Portrait noir & gris — cuisse, 10h de travail', '{réalisme,portrait,cuisse}', 'Bordeaux', '2026-06-01 12:00:00+00', '{}', 'https://audio-ssl.itunes.apple.com/itunes-assets/AudioPreview221/v4/c9/6d/b1/c96db138-df15-d3d1-ef9d-98ef9d350960/mzaf_9411021956242812289.plus.aac.p.m4a', 'Peaches - Justin Bieber', NULL, NULL, NULL, NULL, 'on_quote', NULL, NULL, 'custom', 't', 'published') ON CONFLICT (id) DO NOTHING;
INSERT INTO posts (id, artist_id, media_url, media_type, thumbnail_url, caption, style_tags, city, created_at, media_urls, music_url, music_name, title, body_placement, size_category, duration_minutes, price_type, price_min, price_max, availability_type, comments_enabled, status) VALUES ('c1000000-0000-0000-0000-000000000006', 'efd00474-9dd7-4bd0-a9bc-855314802650', 'https://images.pexels.com/photos/8183952/pexels-photo-8183952.jpeg?auto=compress&cs=tinysrgb&w=900', 'image', 'https://images.pexels.com/photos/8183952/pexels-photo-8183952.jpeg?auto=compress&cs=tinysrgb&w=400', 'Fine line portrait — encre noire, avant-bras', '{"fine line",portrait,avant-bras}', 'Lyon', '2026-06-02 10:00:00+00', '{}', 'https://audio-ssl.itunes.apple.com/itunes-assets/AudioPreview124/v4/6e/cd/99/6ecd9966-bbe2-36b5-35f1-cd8ed6406906/mzaf_3486740843482888093.plus.aac.p.m4a', 'MONTERO - Lil Nas X', NULL, NULL, NULL, NULL, 'on_quote', NULL, NULL, 'custom', 't', 'published') ON CONFLICT (id) DO NOTHING;
INSERT INTO posts (id, artist_id, media_url, media_type, thumbnail_url, caption, style_tags, city, created_at, media_urls, music_url, music_name, title, body_placement, size_category, duration_minutes, price_type, price_min, price_max, availability_type, comments_enabled, status) VALUES ('c1000000-0000-0000-0000-000000000014', '6ad234f5-2650-48e6-8341-db6bee6ee8d7', 'https://images.pexels.com/photos/8382447/pexels-photo-8382447.jpeg?auto=compress&cs=tinysrgb&w=900', 'image', 'https://images.pexels.com/photos/8382447/pexels-photo-8382447.jpeg?auto=compress&cs=tinysrgb&w=400', 'Japonais sakura — couleurs vives épaule 🌸', '{japonais,floral,sakura}', 'Marseille', '2026-06-02 15:00:00+00', '{}', 'https://audio-ssl.itunes.apple.com/itunes-assets/AudioPreview221/v4/09/0d/dc/090ddcdb-d1f2-7dea-4c85-6b9c6f98e4e5/mzaf_10081960992656977424.plus.aac.p.m4a', 'Save Your Tears - The Weeknd', NULL, NULL, NULL, NULL, 'on_quote', NULL, NULL, 'custom', 't', 'published') ON CONFLICT (id) DO NOTHING;
INSERT INTO posts (id, artist_id, media_url, media_type, thumbnail_url, caption, style_tags, city, created_at, media_urls, music_url, music_name, title, body_placement, size_category, duration_minutes, price_type, price_min, price_max, availability_type, comments_enabled, status) VALUES ('c1000000-0000-0000-0000-000000000018', '336b2022-2d74-4fa9-a282-c48f1302a96a', 'https://images.pexels.com/photos/8184232/pexels-photo-8184232.jpeg?auto=compress&cs=tinysrgb&w=900', 'image', 'https://images.pexels.com/photos/8184232/pexels-photo-8184232.jpeg?auto=compress&cs=tinysrgb&w=400', 'Tatouage stylo sur peau — sketchy illustratif', '{illustratif,sketchy,artistique}', 'Nantes', '2026-06-03 10:00:00+00', '{}', 'https://audio-ssl.itunes.apple.com/itunes-assets/AudioPreview211/v4/d7/4a/84/d74a84d5-9afa-761e-b632-baab55c2a23b/mzaf_11865500880477235553.plus.aac.p.m4a', 'Stay - The Kid LAROI', NULL, NULL, NULL, NULL, 'on_quote', NULL, NULL, 'custom', 't', 'published') ON CONFLICT (id) DO NOTHING;
INSERT INTO posts (id, artist_id, media_url, media_type, thumbnail_url, caption, style_tags, city, created_at, media_urls, music_url, music_name, title, body_placement, size_category, duration_minutes, price_type, price_min, price_max, availability_type, comments_enabled, status) VALUES ('c1000000-0000-0000-0000-000000000002', '186b842d-d05d-4689-84a0-27bf4d9cdc4e', 'https://images.pexels.com/photos/4813330/pexels-photo-4813330.jpeg?auto=compress&cs=tinysrgb&w=900', 'image', 'https://images.pexels.com/photos/4813330/pexels-photo-4813330.jpeg?auto=compress&cs=tinysrgb&w=400', 'Tatouage cou — fineline, récupération parfaite', '{"fine line",cou,minimaliste}', 'Paris', '2026-06-03 14:00:00+00', '{}', 'https://audio-ssl.itunes.apple.com/itunes-assets/AudioPreview125/v4/0e/f5/3e/0ef53ed9-aac8-c59e-077c-93a99e981de1/mzaf_6335547679538745712.plus.aac.p.m4a', 'Jungle - Drake', NULL, NULL, NULL, NULL, 'on_quote', NULL, NULL, 'custom', 't', 'published') ON CONFLICT (id) DO NOTHING;
INSERT INTO posts (id, artist_id, media_url, media_type, thumbnail_url, caption, style_tags, city, created_at, media_urls, music_url, music_name, title, body_placement, size_category, duration_minutes, price_type, price_min, price_max, availability_type, comments_enabled, status) VALUES ('c1000000-0000-0000-0000-000000000011', 'fec22eea-1e6f-4a82-8134-0e225693c777', 'https://images.pexels.com/photos/9876426/pexels-photo-9876426.jpeg?auto=compress&cs=tinysrgb&w=900', 'image', 'https://images.pexels.com/photos/9876426/pexels-photo-9876426.jpeg?auto=compress&cs=tinysrgb&w=400', 'Tatouage en cours — détail dotwork mandala', '{dotwork,mandala,"en cours"}', 'Bordeaux', '2026-06-06 14:00:00+00', '{}', 'https://audio-ssl.itunes.apple.com/itunes-assets/AudioPreview221/v4/fa/34/99/fa34994a-a127-2510-45ba-443ffa9c6dcb/mzaf_7285123442054013415.plus.aac.p.m4a', 'Psycho - Post Malone', NULL, NULL, NULL, NULL, 'on_quote', NULL, NULL, 'custom', 't', 'published') ON CONFLICT (id) DO NOTHING;
INSERT INTO posts (id, artist_id, media_url, media_type, thumbnail_url, caption, style_tags, city, created_at, media_urls, music_url, music_name, title, body_placement, size_category, duration_minutes, price_type, price_min, price_max, availability_type, comments_enabled, status) VALUES ('d4ba700b-91c2-4f05-8c79-b2682683e79b', 'fca49c39-d61e-42d5-9b2c-57eb58c38858', 'https://images.pexels.com/photos/2087990/pexels-photo-2087990.jpeg?auto=compress&cs=tinysrgb&w=900', 'image', 'https://images.pexels.com/photos/2087990/pexels-photo-2087990.jpeg?auto=compress&cs=tinysrgb&w=900', 'Yanis Irezumi — japonais', '{japonais,couleur}', 'Rennes', '2026-06-07 08:31:17.117043+00', '{}', NULL, NULL, NULL, NULL, NULL, NULL, 'range', '250', NULL, 'custom', 'f', 'published') ON CONFLICT (id) DO NOTHING;
INSERT INTO posts (id, artist_id, media_url, media_type, thumbnail_url, caption, style_tags, city, created_at, media_urls, music_url, music_name, title, body_placement, size_category, duration_minutes, price_type, price_min, price_max, availability_type, comments_enabled, status) VALUES ('c1000000-0000-0000-0000-000000000003', '186b842d-d05d-4689-84a0-27bf4d9cdc4e', 'https://images.pexels.com/photos/7005667/pexels-photo-7005667.jpeg?auto=compress&cs=tinysrgb&w=900', 'image', 'https://images.pexels.com/photos/7005667/pexels-photo-7005667.jpeg?auto=compress&cs=tinysrgb&w=400', 'Encre fraîche — bras tatoué full sleeve', '{blackwork,sleeve,bras}', 'Paris', '2026-06-08 16:00:00+00', '{}', 'https://audio-ssl.itunes.apple.com/itunes-assets/AudioPreview211/v4/62/94/9b/62949b03-9781-6390-b92b-cc0b1028d4aa/mzaf_12215438708882988206.plus.aac.p.m4a', 'Levitating - Dua Lipa', NULL, NULL, NULL, NULL, 'on_quote', NULL, NULL, 'custom', 't', 'published') ON CONFLICT (id) DO NOTHING;
INSERT INTO posts (id, artist_id, media_url, media_type, thumbnail_url, caption, style_tags, city, created_at, media_urls, music_url, music_name, title, body_placement, size_category, duration_minutes, price_type, price_min, price_max, availability_type, comments_enabled, status) VALUES ('c1000000-0000-0000-0000-000000000019', '336b2022-2d74-4fa9-a282-c48f1302a96a', 'https://images.pexels.com/photos/4125586/pexels-photo-4125586.jpeg?auto=compress&cs=tinysrgb&w=900', 'image', 'https://images.pexels.com/photos/4125586/pexels-photo-4125586.jpeg?auto=compress&cs=tinysrgb&w=400', 'Fleurs neo-trad — bras coloré terminé 🌹', '{neo-trad,floral,bras}', 'Nantes', '2026-06-09 13:00:00+00', '{}', 'https://audio-ssl.itunes.apple.com/itunes-assets/AudioPreview221/v4/cd/04/17/cd041764-aaf3-9fff-0e3c-faa77674fe6a/mzaf_5438030267717463490.plus.aac.p.m4a', 'Stay With Me - Sam Smith', NULL, NULL, NULL, NULL, 'on_quote', NULL, NULL, 'custom', 't', 'published') ON CONFLICT (id) DO NOTHING;
INSERT INTO posts (id, artist_id, media_url, media_type, thumbnail_url, caption, style_tags, city, created_at, media_urls, music_url, music_name, title, body_placement, size_category, duration_minutes, price_type, price_min, price_max, availability_type, comments_enabled, status) VALUES ('88f5ef63-7fa9-473d-a594-15f911a9d05e', 'aca4efa4-7b7d-486a-bf3f-c4aca931a388', 'https://images.pexels.com/photos/1266808/pexels-photo-1266808.jpeg?auto=compress&cs=tinysrgb&w=900', 'image', 'https://images.pexels.com/photos/1266808/pexels-photo-1266808.jpeg?auto=compress&cs=tinysrgb&w=900', 'Adam Point — dotwork, pièce récente', '{dotwork,mandala,géométrique}', 'Grenoble', '2026-06-10 10:32:20.016356+00', '{}', NULL, NULL, NULL, NULL, NULL, NULL, 'range', '150', NULL, 'custom', 'f', 'published') ON CONFLICT (id) DO NOTHING;
INSERT INTO posts (id, artist_id, media_url, media_type, thumbnail_url, caption, style_tags, city, created_at, media_urls, music_url, music_name, title, body_placement, size_category, duration_minutes, price_type, price_min, price_max, availability_type, comments_enabled, status) VALUES ('c1000000-0000-0000-0000-000000000007', 'efd00474-9dd7-4bd0-a9bc-855314802650', 'https://images.pexels.com/photos/3140020/pexels-photo-3140020.jpeg?auto=compress&cs=tinysrgb&w=900', 'image', 'https://images.pexels.com/photos/3140020/pexels-photo-3140020.jpeg?auto=compress&cs=tinysrgb&w=400', 'Tatoueur à l''œuvre — précision maximale 🎯', '{blackwork,artistique}', 'Lyon', '2026-06-10 15:00:00+00', '{}', 'https://audio-ssl.itunes.apple.com/itunes-assets/AudioPreview115/v4/65/9c/ab/659cabe9-d9d0-b6da-a7fc-560a5197d9e4/mzaf_16648356423986911172.plus.aac.p.m4a', 'Mr. Brightside - The Killers', NULL, NULL, NULL, NULL, 'on_quote', NULL, NULL, 'custom', 't', 'published') ON CONFLICT (id) DO NOTHING;
INSERT INTO posts (id, artist_id, media_url, media_type, thumbnail_url, caption, style_tags, city, created_at, media_urls, music_url, music_name, title, body_placement, size_category, duration_minutes, price_type, price_min, price_max, availability_type, comments_enabled, status) VALUES ('581d08b3-8a1c-44ce-9d81-caa98df6aef1', '9b2723c1-6da6-498c-bd71-fe39d4060ecc', 'https://images.pexels.com/photos/1478477/pexels-photo-1478477.jpeg?auto=compress&cs=tinysrgb&w=900', 'image', 'https://images.pexels.com/photos/1478477/pexels-photo-1478477.jpeg?auto=compress&cs=tinysrgb&w=900', 'Léa Botanica — illustratif', '{illustratif,"fine line",watercolor}', 'Nice', '2026-06-11 06:59:04.274863+00', '{}', NULL, NULL, NULL, NULL, NULL, NULL, 'range', '140', NULL, 'custom', 'f', 'published') ON CONFLICT (id) DO NOTHING;
INSERT INTO posts (id, artist_id, media_url, media_type, thumbnail_url, caption, style_tags, city, created_at, media_urls, music_url, music_name, title, body_placement, size_category, duration_minutes, price_type, price_min, price_max, availability_type, comments_enabled, status) VALUES ('c1000000-0000-0000-0000-000000000004', '186b842d-d05d-4689-84a0-27bf4d9cdc4e', 'https://images.pexels.com/photos/4839724/pexels-photo-4839724.jpeg?auto=compress&cs=tinysrgb&w=900', 'image', 'https://images.pexels.com/photos/4839724/pexels-photo-4839724.jpeg?auto=compress&cs=tinysrgb&w=400', 'Tatouage bras — style illustratif coloré', '{illustratif,couleur,bras}', 'Paris', '2026-06-12 11:00:00+00', '{}', 'https://audio-ssl.itunes.apple.com/itunes-assets/AudioPreview221/v4/c2/f2/bb/c2f2bbf5-d3c9-8fb9-ca98-4f271e9ec1e7/mzaf_5897812088875093465.plus.aac.p.m4a', 'Lose Yourself - Eminem', NULL, NULL, NULL, NULL, 'on_quote', NULL, NULL, 'custom', 't', 'published') ON CONFLICT (id) DO NOTHING;
INSERT INTO posts (id, artist_id, media_url, media_type, thumbnail_url, caption, style_tags, city, created_at, media_urls, music_url, music_name, title, body_placement, size_category, duration_minutes, price_type, price_min, price_max, availability_type, comments_enabled, status) VALUES ('5ac5b813-3606-4d26-868a-df419f8d1731', '9b2723c1-6da6-498c-bd71-fe39d4060ecc', 'https://images.pexels.com/photos/4123829/pexels-photo-4123829.jpeg?auto=compress&cs=tinysrgb&w=900', 'image', 'https://images.pexels.com/photos/4123829/pexels-photo-4123829.jpeg?auto=compress&cs=tinysrgb&w=900', 'Léa Botanica — illustratif, pièce récente', '{illustratif,"fine line",watercolor}', 'Nice', '2026-06-13 09:05:29.913243+00', '{}', NULL, NULL, NULL, NULL, NULL, NULL, 'range', '140', NULL, 'custom', 'f', 'published') ON CONFLICT (id) DO NOTHING;
INSERT INTO posts (id, artist_id, media_url, media_type, thumbnail_url, caption, style_tags, city, created_at, media_urls, music_url, music_name, title, body_placement, size_category, duration_minutes, price_type, price_min, price_max, availability_type, comments_enabled, status) VALUES ('c1000000-0000-0000-0000-000000000015', '6ad234f5-2650-48e6-8341-db6bee6ee8d7', 'https://images.pexels.com/photos/13324689/pexels-photo-13324689.jpeg?auto=compress&cs=tinysrgb&w=900', 'image', 'https://images.pexels.com/photos/13324689/pexels-photo-13324689.jpeg?auto=compress&cs=tinysrgb&w=400', 'Fine line visage — réalisme délicat, bras', '{"fine line",réalisme,visage}', 'Marseille', '2026-06-13 14:00:00+00', '{}', 'https://audio-ssl.itunes.apple.com/itunes-assets/AudioPreview125/v4/37/e3/68/37e36835-d7c6-2cdf-8208-1a1904e1e6d6/mzaf_3379583602505411503.plus.aac.p.m4a', 'Shivers - Ed Sheeran', NULL, NULL, NULL, NULL, 'on_quote', NULL, NULL, 'custom', 't', 'published') ON CONFLICT (id) DO NOTHING;
INSERT INTO posts (id, artist_id, media_url, media_type, thumbnail_url, caption, style_tags, city, created_at, media_urls, music_url, music_name, title, body_placement, size_category, duration_minutes, price_type, price_min, price_max, availability_type, comments_enabled, status) VALUES ('c1000000-0000-0000-0000-000000000008', 'efd00474-9dd7-4bd0-a9bc-855314802650', 'https://images.pexels.com/photos/4125496/pexels-photo-4125496.jpeg?auto=compress&cs=tinysrgb&w=900', 'image', 'https://images.pexels.com/photos/4125496/pexels-photo-4125496.jpeg?auto=compress&cs=tinysrgb&w=400', 'Flash rose japonais — disponible ce mois-ci', '{japonais,flash,rose}', 'Lyon', '2026-06-14 17:00:00+00', '{}', 'https://audio-ssl.itunes.apple.com/itunes-assets/AudioPreview221/v4/6e/19/d9/6e19d9ca-1321-1eea-e797-51d7ab5b56c2/mzaf_5898999508314966855.plus.aac.p.m4a', 'New Rules - Dua Lipa', NULL, NULL, NULL, NULL, 'on_quote', NULL, NULL, 'custom', 't', 'published') ON CONFLICT (id) DO NOTHING;
INSERT INTO posts (id, artist_id, media_url, media_type, thumbnail_url, caption, style_tags, city, created_at, media_urls, music_url, music_name, title, body_placement, size_category, duration_minutes, price_type, price_min, price_max, availability_type, comments_enabled, status) VALUES ('c1000000-0000-0000-0000-000000000020', '336b2022-2d74-4fa9-a282-c48f1302a96a', 'https://images.pexels.com/photos/13765632/pexels-photo-13765632.jpeg?auto=compress&cs=tinysrgb&w=900', 'image', 'https://images.pexels.com/photos/13765632/pexels-photo-13765632.jpeg?auto=compress&cs=tinysrgb&w=400', 'Tatouage dos en cours — blackwork géométrique', '{blackwork,géométrique,dos}', 'Nantes', '2026-06-15 10:00:00+00', '{}', 'https://audio-ssl.itunes.apple.com/itunes-assets/AudioPreview221/v4/27/c2/c7/27c2c78c-318e-cd6c-deb4-ebcdfec2de24/mzaf_6964948339914536280.plus.aac.p.m4a', 'Titanium - David Guetta', NULL, NULL, NULL, NULL, 'on_quote', NULL, NULL, 'custom', 't', 'published') ON CONFLICT (id) DO NOTHING;
INSERT INTO posts (id, artist_id, media_url, media_type, thumbnail_url, caption, style_tags, city, created_at, media_urls, music_url, music_name, title, body_placement, size_category, duration_minutes, price_type, price_min, price_max, availability_type, comments_enabled, status) VALUES ('c1000000-0000-0000-0000-000000000012', 'fec22eea-1e6f-4a82-8134-0e225693c777', 'https://images.pexels.com/photos/7203739/pexels-photo-7203739.jpeg?auto=compress&cs=tinysrgb&w=900', 'image', 'https://images.pexels.com/photos/7203739/pexels-photo-7203739.jpeg?auto=compress&cs=tinysrgb&w=400', 'Bras tatoué — ambiance studio encre & aiguilles', '{studio,blackwork,bras}', 'Bordeaux', '2026-06-16 16:00:00+00', '{}', 'https://audio-ssl.itunes.apple.com/itunes-assets/AudioPreview211/v4/84/ad/f8/84adf8aa-a131-b5ed-fe3f-8a85d2a7f1a4/mzaf_9150196882830435693.plus.aac.p.m4a', 'Rockstar - Post Malone', NULL, NULL, NULL, NULL, 'on_quote', NULL, NULL, 'custom', 't', 'published') ON CONFLICT (id) DO NOTHING;
INSERT INTO posts (id, artist_id, media_url, media_type, thumbnail_url, caption, style_tags, city, created_at, media_urls, music_url, music_name, title, body_placement, size_category, duration_minutes, price_type, price_min, price_max, availability_type, comments_enabled, status) VALUES ('c1000000-0000-0000-0000-000000000016', '6ad234f5-2650-48e6-8341-db6bee6ee8d7', 'https://images.pexels.com/photos/16778698/pexels-photo-16778698.jpeg?auto=compress&cs=tinysrgb&w=900', 'image', 'https://images.pexels.com/photos/16778698/pexels-photo-16778698.jpeg?auto=compress&cs=tinysrgb&w=400', 'Watercolor papillon — couleurs vives dos 🦋', '{watercolor,papillon,dos}', 'Marseille', '2026-06-17 16:00:00+00', '{}', 'https://audio-ssl.itunes.apple.com/itunes-assets/AudioPreview221/v4/6c/e4/d9/6ce4d93b-1af7-14dd-bb68-9f80fcb2597f/mzaf_6430684220677140315.plus.aac.p.m4a', 'SICKO MODE - Travis Scott', NULL, NULL, NULL, NULL, 'on_quote', NULL, NULL, 'custom', 't', 'published') ON CONFLICT (id) DO NOTHING;
INSERT INTO posts (id, artist_id, media_url, media_type, thumbnail_url, caption, style_tags, city, created_at, media_urls, music_url, music_name, title, body_placement, size_category, duration_minutes, price_type, price_min, price_max, availability_type, comments_enabled, status) VALUES ('07b3ce87-0593-48a7-974b-4bce7fb5ff95', 'f4d56e03-2a28-418e-934e-bec0f8caeb96', 'https://images.pexels.com/photos/1327405/pexels-photo-1327405.jpeg?auto=compress&cs=tinysrgb&w=900', 'image', 'https://images.pexels.com/photos/1327405/pexels-photo-1327405.jpeg?auto=compress&cs=tinysrgb&w=900', 'Théo Ligne — blackwork, pièce récente', '{blackwork,géométrique,dotwork}', 'Lille', '2026-06-17 22:46:46.539508+00', '{}', NULL, NULL, NULL, NULL, NULL, NULL, 'range', '160', NULL, 'custom', 'f', 'published') ON CONFLICT (id) DO NOTHING;
INSERT INTO posts (id, artist_id, media_url, media_type, thumbnail_url, caption, style_tags, city, created_at, media_urls, music_url, music_name, title, body_placement, size_category, duration_minutes, price_type, price_min, price_max, availability_type, comments_enabled, status) VALUES ('c1000000-0000-0000-0000-000000000005', '186b842d-d05d-4689-84a0-27bf4d9cdc4e', 'https://images.pexels.com/photos/8865959/pexels-photo-8865959.jpeg?auto=compress&cs=tinysrgb&w=900', 'image', 'https://images.pexels.com/photos/8865959/pexels-photo-8865959.jpeg?auto=compress&cs=tinysrgb&w=400', 'Dotwork géométrique — omoplate cicatrisée', '{dotwork,géométrique,omoplate}', 'Paris', '2026-06-18 09:00:00+00', '{}', 'https://audio-ssl.itunes.apple.com/itunes-assets/AudioPreview221/v4/ce/88/a0/ce88a0e5-d0d3-b40d-6160-c744f875debc/mzaf_1047650093115956543.plus.aac.p.m4a', 'Midnight Rain - Taylor Swift', NULL, NULL, NULL, NULL, 'on_quote', NULL, NULL, 'custom', 't', 'published') ON CONFLICT (id) DO NOTHING;
INSERT INTO posts (id, artist_id, media_url, media_type, thumbnail_url, caption, style_tags, city, created_at, media_urls, music_url, music_name, title, body_placement, size_category, duration_minutes, price_type, price_min, price_max, availability_type, comments_enabled, status) VALUES ('c769ffc3-da06-44c8-ade3-03711cd78455', 'bdf40dc4-cf4a-4bfe-a301-c5b203434e8b', 'https://images.pexels.com/photos/1610011/pexels-photo-1610011.jpeg?auto=compress&cs=tinysrgb&w=900', 'image', 'https://images.pexels.com/photos/1610011/pexels-photo-1610011.jpeg?auto=compress&cs=tinysrgb&w=900', 'Marco Trad — old school', '{"old school",neo-trad,couleur}', 'Strasbourg', '2026-06-18 09:54:26.869399+00', '{}', NULL, NULL, NULL, NULL, NULL, NULL, 'range', '170', NULL, 'custom', 'f', 'published') ON CONFLICT (id) DO NOTHING;
INSERT INTO posts (id, artist_id, media_url, media_type, thumbnail_url, caption, style_tags, city, created_at, media_urls, music_url, music_name, title, body_placement, size_category, duration_minutes, price_type, price_min, price_max, availability_type, comments_enabled, status) VALUES ('b73c1c6e-60e3-41f4-8647-d16261da122d', '7b8cec5e-8c02-4425-b9b0-66f83ddb6577', 'https://images.pexels.com/photos/4123837/pexels-photo-4123837.jpeg?auto=compress&cs=tinysrgb&w=900', 'image', 'https://images.pexels.com/photos/4123837/pexels-photo-4123837.jpeg?auto=compress&cs=tinysrgb&w=900', 'Nina Aiguille — fine line', '{"fine line",lettering,minimaliste}', 'Toulouse', '2026-06-18 18:01:47.270305+00', '{}', NULL, NULL, NULL, NULL, NULL, NULL, 'range', '100', NULL, 'custom', 'f', 'published') ON CONFLICT (id) DO NOTHING;
INSERT INTO posts (id, artist_id, media_url, media_type, thumbnail_url, caption, style_tags, city, created_at, media_urls, music_url, music_name, title, body_placement, size_category, duration_minutes, price_type, price_min, price_max, availability_type, comments_enabled, status) VALUES ('508065da-6a21-4bf7-a872-7248b913a8c4', '49a916b0-034c-4279-8906-b772e5965d05', 'https://images.pexels.com/photos/3212164/pexels-photo-3212164.jpeg?auto=compress&cs=tinysrgb&w=900', 'image', 'https://images.pexels.com/photos/3212164/pexels-photo-3212164.jpeg?auto=compress&cs=tinysrgb&w=900', 'Clara Sombra — réalisme, flash dispo', '{réalisme,portrait,blackwork}', 'Montpellier', '2026-06-18 23:33:30.585837+00', '{}', NULL, NULL, NULL, NULL, NULL, NULL, 'range', '220', NULL, 'flash_available', 'f', 'published') ON CONFLICT (id) DO NOTHING;
INSERT INTO posts (id, artist_id, media_url, media_type, thumbnail_url, caption, style_tags, city, created_at, media_urls, music_url, music_name, title, body_placement, size_category, duration_minutes, price_type, price_min, price_max, availability_type, comments_enabled, status) VALUES ('c1000000-0000-0000-0000-000000000009', 'efd00474-9dd7-4bd0-a9bc-855314802650', 'https://images.pexels.com/photos/7005670/pexels-photo-7005670.jpeg?auto=compress&cs=tinysrgb&w=900', 'image', 'https://images.pexels.com/photos/7005670/pexels-photo-7005670.jpeg?auto=compress&cs=tinysrgb&w=400', 'Blackwork épaule — géométrie parfaite', '{blackwork,géométrique,épaule}', 'Lyon', '2026-06-19 10:00:00+00', '{}', 'https://audio-ssl.itunes.apple.com/itunes-assets/AudioPreview125/v4/0a/de/fd/0adefd5b-145a-1cc9-f3b5-be89fd0232b9/mzaf_4322553693875273982.plus.aac.p.m4a', 'Nightcall - Kavinsky', NULL, NULL, NULL, NULL, 'on_quote', NULL, NULL, 'custom', 't', 'published') ON CONFLICT (id) DO NOTHING;
INSERT INTO posts (id, artist_id, media_url, media_type, thumbnail_url, caption, style_tags, city, created_at, media_urls, music_url, music_name, title, body_placement, size_category, duration_minutes, price_type, price_min, price_max, availability_type, comments_enabled, status) VALUES ('c1000000-0000-0000-0000-000000000021', '336b2022-2d74-4fa9-a282-c48f1302a96a', 'https://images.pexels.com/photos/14242279/pexels-photo-14242279.jpeg?auto=compress&cs=tinysrgb&w=900', 'image', 'https://images.pexels.com/photos/14242279/pexels-photo-14242279.jpeg?auto=compress&cs=tinysrgb&w=400', 'Fine line botaniques — jambe, résultat final 🌿', '{"fine line",botanique,jambe}', 'Nantes', '2026-06-19 15:00:00+00', '{}', 'https://audio-ssl.itunes.apple.com/itunes-assets/AudioPreview211/v4/36/ac/59/36ac591f-d9cf-d84f-36ca-0c505fea67be/mzaf_10003533563651108361.plus.aac.p.m4a', 'Wildest Dreams - Taylor Swift', NULL, NULL, NULL, NULL, 'on_quote', NULL, NULL, 'custom', 't', 'published') ON CONFLICT (id) DO NOTHING;
INSERT INTO posts (id, artist_id, media_url, media_type, thumbnail_url, caption, style_tags, city, created_at, media_urls, music_url, music_name, title, body_placement, size_category, duration_minutes, price_type, price_min, price_max, availability_type, comments_enabled, status) VALUES ('04c3d1a7-886c-4a73-9991-c3c3c9086e18', 'e06a7a51-e21d-4a7a-b026-5ae6cfd0a61c', 'https://images.pexels.com/photos/1153655/pexels-photo-1153655.jpeg?auto=compress&cs=tinysrgb&w=900', 'image', 'https://images.pexels.com/photos/1153655/pexels-photo-1153655.jpeg?auto=compress&cs=tinysrgb&w=900', 'Jade Encre Rouge — watercolor, flash dispo', '{watercolor,couleur,illustratif}', 'Tours', '2026-06-20 07:31:17.460291+00', '{}', NULL, NULL, NULL, NULL, NULL, NULL, 'range', '130', NULL, 'flash_available', 'f', 'published') ON CONFLICT (id) DO NOTHING;
INSERT INTO posts (id, artist_id, media_url, media_type, thumbnail_url, caption, style_tags, city, created_at, media_urls, music_url, music_name, title, body_placement, size_category, duration_minutes, price_type, price_min, price_max, availability_type, comments_enabled, status) VALUES ('c1000000-0000-0000-0000-000000000013', 'fec22eea-1e6f-4a82-8134-0e225693c777', 'https://images.pexels.com/photos/5320022/pexels-photo-5320022.jpeg?auto=compress&cs=tinysrgb&w=900', 'image', 'https://images.pexels.com/photos/5320022/pexels-photo-5320022.jpeg?auto=compress&cs=tinysrgb&w=400', 'Old school panthère — cuisse, flash disponible 🐆', '{"old school",animal,flash}', 'Bordeaux', '2026-06-20 11:00:00+00', '{}', 'https://audio-ssl.itunes.apple.com/itunes-assets/AudioPreview115/v4/fb/e9/c1/fbe9c15b-2c07-4c1c-6df2-594b8df5762e/mzaf_16620041191706962036.plus.aac.p.m4a', 'Roses - SAINt JHN', NULL, NULL, NULL, NULL, 'on_quote', NULL, NULL, 'custom', 't', 'published') ON CONFLICT (id) DO NOTHING;
INSERT INTO posts (id, artist_id, media_url, media_type, thumbnail_url, caption, style_tags, city, created_at, media_urls, music_url, music_name, title, body_placement, size_category, duration_minutes, price_type, price_min, price_max, availability_type, comments_enabled, status) VALUES ('c1000000-0000-0000-0000-000000000017', '6ad234f5-2650-48e6-8341-db6bee6ee8d7', 'https://images.pexels.com/photos/13765699/pexels-photo-13765699.jpeg?auto=compress&cs=tinysrgb&w=900', 'image', 'https://images.pexels.com/photos/13765699/pexels-photo-13765699.jpeg?auto=compress&cs=tinysrgb&w=400', 'Cover-up réussi — avant-bras, transformation totale', '{cover-up,réalisme,avant-bras}', 'Marseille', '2026-06-21 09:00:00+00', '{}', 'https://audio-ssl.itunes.apple.com/itunes-assets/AudioPreview125/v4/02/95/51/0295517b-1007-d266-4cee-2cabe9c416fd/mzaf_10614083181149885552.plus.aac.p.m4a', 'Someone Like You - Adele', NULL, NULL, NULL, NULL, 'on_quote', NULL, NULL, 'custom', 't', 'published') ON CONFLICT (id) DO NOTHING;
INSERT INTO posts (id, artist_id, media_url, media_type, thumbnail_url, caption, style_tags, city, created_at, media_urls, music_url, music_name, title, body_placement, size_category, duration_minutes, price_type, price_min, price_max, availability_type, comments_enabled, status) VALUES ('c1000000-0000-0000-0000-000000000022', '336b2022-2d74-4fa9-a282-c48f1302a96a', 'https://images.pexels.com/photos/2183132/pexels-photo-2183132.jpeg?auto=compress&cs=tinysrgb&w=900', 'image', 'https://images.pexels.com/photos/2183132/pexels-photo-2183132.jpeg?auto=compress&cs=tinysrgb&w=400', 'Tatouage bras — portrait hyper-réaliste terminé', '{réalisme,portrait,bras}', 'Nantes', '2026-06-22 10:00:00+00', '{}', 'https://audio-ssl.itunes.apple.com/itunes-assets/AudioPreview221/v4/a9/74/e8/a974e8f2-0693-9371-bb6c-87047a486254/mzaf_1898989387861959316.plus.aac.p.m4a', 'Stressed Out - twenty one pilots', NULL, NULL, NULL, NULL, 'on_quote', NULL, NULL, 'custom', 't', 'published') ON CONFLICT (id) DO NOTHING;
INSERT INTO posts (id, artist_id, media_url, media_type, thumbnail_url, caption, style_tags, city, created_at, media_urls, music_url, music_name, title, body_placement, size_category, duration_minutes, price_type, price_min, price_max, availability_type, comments_enabled, status) VALUES ('b1000000-0000-0000-0000-000000000015', '336b2022-2d74-4fa9-a282-c48f1302a96a', 'https://images.pexels.com/photos/2186981/pexels-photo-2186981.jpeg?auto=compress&cs=tinysrgb&w=900', 'image', 'https://images.pexels.com/photos/2186981/pexels-photo-2186981.jpeg?auto=compress&cs=tinysrgb&w=400', 'Illustratif jungle — sleeve complet terminé 🌿', '{illustratif,jungle,sleeve}', 'Nantes', '2026-06-22 16:46:35.722424+00', '{}', 'https://audio-ssl.itunes.apple.com/itunes-assets/AudioPreview115/v4/1c/c3/74/1cc37441-d51c-755e-3805-0c8042579782/mzaf_2255295071365958312.plus.aac.p.m4a', 'HUMBLE. - Kendrick Lamar', NULL, NULL, NULL, NULL, 'on_quote', NULL, NULL, 'custom', 't', 'published') ON CONFLICT (id) DO NOTHING;
INSERT INTO posts (id, artist_id, media_url, media_type, thumbnail_url, caption, style_tags, city, created_at, media_urls, music_url, music_name, title, body_placement, size_category, duration_minutes, price_type, price_min, price_max, availability_type, comments_enabled, status) VALUES ('b1000000-0000-0000-0000-000000000003', '186b842d-d05d-4689-84a0-27bf4d9cdc4e', 'https://videos.pexels.com/video-files/8334935/8334935-hd_720_1366_25fps.mp4', 'video', 'https://images.pexels.com/photos/2183131/pexels-photo-2183131.jpeg?auto=compress&cs=tinysrgb&w=400', 'Portrait réaliste noir & gris — 8h de session', '{réalisme,portrait,"noir et gris"}', 'Paris', '2026-06-22 16:46:35.722424+00', '{}', 'https://audio-ssl.itunes.apple.com/itunes-assets/AudioPreview211/v4/17/b4/8f/17b48f9a-0b93-6bb8-fe1d-3a16623c2cfb/mzaf_9560252727299052414.plus.aac.p.m4a', 'Blinding Lights - The Weeknd', NULL, NULL, NULL, NULL, 'on_quote', NULL, NULL, 'custom', 't', 'published') ON CONFLICT (id) DO NOTHING;
INSERT INTO posts (id, artist_id, media_url, media_type, thumbnail_url, caption, style_tags, city, created_at, media_urls, music_url, music_name, title, body_placement, size_category, duration_minutes, price_type, price_min, price_max, availability_type, comments_enabled, status) VALUES ('b1000000-0000-0000-0000-000000000008', 'fec22eea-1e6f-4a82-8134-0e225693c777', 'https://videos.pexels.com/video-files/8334864/8334864-sd_426_226_25fps.mp4', 'video', 'https://images.pexels.com/photos/3851326/pexels-photo-3851326.jpeg?auto=compress&cs=tinysrgb&w=400', 'Flash disponible — rose old school ❤️', '{"old school",flash,rose}', 'Bordeaux', '2026-06-22 16:46:35.722424+00', '{}', 'https://audio-ssl.itunes.apple.com/itunes-assets/AudioPreview115/v4/f6/0a/6b/f60a6b14-d805-03f6-b912-981a2b3ca932/mzaf_2386471894255481337.plus.aac.p.m4a', 'Dark Fantasy - Kanye West', NULL, NULL, NULL, NULL, 'on_quote', NULL, NULL, 'custom', 't', 'published') ON CONFLICT (id) DO NOTHING;
INSERT INTO posts (id, artist_id, media_url, media_type, thumbnail_url, caption, style_tags, city, created_at, media_urls, music_url, music_name, title, body_placement, size_category, duration_minutes, price_type, price_min, price_max, availability_type, comments_enabled, status) VALUES ('b1000000-0000-0000-0000-000000000005', 'efd00474-9dd7-4bd0-a9bc-855314802650', 'https://videos.pexels.com/video-files/7189989/7189989-sd_640_338_25fps.mp4', 'video', 'https://images.pexels.com/photos/2192557/pexels-photo-2192557.jpeg?auto=compress&cs=tinysrgb&w=400', 'Constellation fine line — derrière l''oreille ✨', '{"fine line",minimaliste,constellation}', 'Lyon', '2026-06-22 16:46:35.722424+00', '{}', 'https://audio-ssl.itunes.apple.com/itunes-assets/AudioPreview211/v4/bd/d9/3e/bdd93ee7-5e13-0c12-5cf0-77f640a8edab/mzaf_3764441305144418.plus.aac.p.m4a', 'Butterfly - Mariah Carey', NULL, NULL, NULL, NULL, 'on_quote', NULL, NULL, 'custom', 't', 'published') ON CONFLICT (id) DO NOTHING;
INSERT INTO posts (id, artist_id, media_url, media_type, thumbnail_url, caption, style_tags, city, created_at, media_urls, music_url, music_name, title, body_placement, size_category, duration_minutes, price_type, price_min, price_max, availability_type, comments_enabled, status) VALUES ('b1000000-0000-0000-0000-000000000001', '186b842d-d05d-4689-84a0-27bf4d9cdc4e', 'https://videos.pexels.com/video-files/13770929/13770929-hd_720_1280_24fps.mp4', 'video', 'https://images.pexels.com/photos/5191123/pexels-photo-5191123.jpeg?auto=compress&cs=tinysrgb&w=400', 'Mandala dorsal — 6h de travail, encre noire pure', '{mandala,blackwork,dotwork}', 'Paris', '2026-06-22 16:46:35.722424+00', '{}', 'https://audio-ssl.itunes.apple.com/itunes-assets/AudioPreview221/v4/67/10/16/67101606-3869-ca44-6c03-e13d6322cb51/mzaf_1135399237022217274.plus.aac.p.m4a', 'As It Was - Harry Styles', NULL, NULL, NULL, NULL, 'on_quote', NULL, NULL, 'custom', 't', 'published') ON CONFLICT (id) DO NOTHING;
INSERT INTO posts (id, artist_id, media_url, media_type, thumbnail_url, caption, style_tags, city, created_at, media_urls, music_url, music_name, title, body_placement, size_category, duration_minutes, price_type, price_min, price_max, availability_type, comments_enabled, status) VALUES ('b1000000-0000-0000-0000-000000000004', 'efd00474-9dd7-4bd0-a9bc-855314802650', 'https://videos.pexels.com/video-files/17638560/17638560-hd_720_1280_50fps.mp4', 'video', 'https://images.pexels.com/photos/2181245/pexels-photo-2181245.jpeg?auto=compress&cs=tinysrgb&w=400', 'Fine line botanique — cheville, cicatrisation J+30', '{"fine line",floral,minimaliste}', 'Lyon', '2026-06-22 16:46:35.722424+00', '{}', 'https://audio-ssl.itunes.apple.com/itunes-assets/AudioPreview211/v4/15/e6/8a/15e68af4-7621-e6fc-d2c2-8a819c9e8212/mzaf_1130324075999408571.plus.aac.p.m4a', 'Bohemian Rhapsody - Queen', NULL, NULL, NULL, NULL, 'on_quote', NULL, NULL, 'custom', 't', 'published') ON CONFLICT (id) DO NOTHING;
INSERT INTO posts (id, artist_id, media_url, media_type, thumbnail_url, caption, style_tags, city, created_at, media_urls, music_url, music_name, title, body_placement, size_category, duration_minutes, price_type, price_min, price_max, availability_type, comments_enabled, status) VALUES ('b1000000-0000-0000-0000-000000000006', 'efd00474-9dd7-4bd0-a9bc-855314802650', 'https://videos.pexels.com/video-files/8347355/8347355-sd_960_506_25fps.mp4', 'video', 'https://images.pexels.com/photos/4125582/pexels-photo-4125582.jpeg?auto=compress&cs=tinysrgb&w=400', 'Dotwork mandala sternum — ultra précis', '{dotwork,mandala,sternum}', 'Lyon', '2026-06-22 16:46:35.722424+00', '{}', 'https://audio-ssl.itunes.apple.com/itunes-assets/AudioPreview221/v4/e5/ed/85/e5ed85cc-3cc0-4b6a-84b9-a11340e28989/mzaf_9565620202920523797.plus.aac.p.m4a', 'Circles - Post Malone', NULL, NULL, NULL, NULL, 'on_quote', NULL, NULL, 'custom', 't', 'published') ON CONFLICT (id) DO NOTHING;
INSERT INTO posts (id, artist_id, media_url, media_type, thumbnail_url, caption, style_tags, city, created_at, media_urls, music_url, music_name, title, body_placement, size_category, duration_minutes, price_type, price_min, price_max, availability_type, comments_enabled, status) VALUES ('b1000000-0000-0000-0000-000000000009', 'fec22eea-1e6f-4a82-8134-0e225693c777', 'https://videos.pexels.com/video-files/8334859/8334859-sd_640_338_25fps.mp4', 'video', 'https://images.pexels.com/photos/7005673/pexels-photo-7005673.jpeg?auto=compress&cs=tinysrgb&w=400', 'Japonais full color — dragon cuisse en cours', '{japonais,dragon,"full color"}', 'Bordeaux', '2026-06-22 16:46:35.722424+00', '{}', 'https://audio-ssl.itunes.apple.com/itunes-assets/AudioPreview211/v4/1c/e7/f9/1ce7f9bb-42d3-fc77-1a24-68c187a55208/mzaf_5325098525476847495.plus.aac.p.m4a', 'Die For You - The Weeknd', NULL, NULL, NULL, NULL, 'on_quote', NULL, NULL, 'custom', 't', 'published') ON CONFLICT (id) DO NOTHING;
INSERT INTO posts (id, artist_id, media_url, media_type, thumbnail_url, caption, style_tags, city, created_at, media_urls, music_url, music_name, title, body_placement, size_category, duration_minutes, price_type, price_min, price_max, availability_type, comments_enabled, status) VALUES ('b1000000-0000-0000-0000-000000000010', '6ad234f5-2650-48e6-8341-db6bee6ee8d7', 'https://videos.pexels.com/video-files/8334967/8334967-sd_960_506_25fps.mp4', 'video', 'https://images.pexels.com/photos/5514845/pexels-photo-5514845.jpeg?auto=compress&cs=tinysrgb&w=400', 'Watercolor lune — épaule, résultat final 🌙', '{watercolor,lune,épaule}', 'Marseille', '2026-06-22 16:46:35.722424+00', '{}', 'https://audio-ssl.itunes.apple.com/itunes-assets/AudioPreview221/v4/44/27/ed/4427edeb-3eaf-ff39-fa6f-3dfc74f92a5b/mzaf_10159458305107317580.plus.aac.p.m4a', 'drivers license - Olivia Rodrigo', NULL, NULL, NULL, NULL, 'on_quote', NULL, NULL, 'custom', 't', 'published') ON CONFLICT (id) DO NOTHING;
INSERT INTO posts (id, artist_id, media_url, media_type, thumbnail_url, caption, style_tags, city, created_at, media_urls, music_url, music_name, title, body_placement, size_category, duration_minutes, price_type, price_min, price_max, availability_type, comments_enabled, status) VALUES ('b1000000-0000-0000-0000-000000000007', 'fec22eea-1e6f-4a82-8134-0e225693c777', 'https://videos.pexels.com/video-files/9685365/9685365-sd_640_360_30fps.mp4', 'video', 'https://images.pexels.com/photos/8184242/pexels-photo-8184242.jpeg?auto=compress&cs=tinysrgb&w=400', 'Tatoueur au travail — séance cover-up bras complet', '{réalisme,cover-up}', 'Bordeaux', '2026-06-22 16:46:35.722424+00', '{}', 'https://audio-ssl.itunes.apple.com/itunes-assets/AudioPreview221/v4/87/9b/6a/879b6a46-6418-5971-7e9d-141cc2307f64/mzaf_7067346696502856794.plus.aac.p.m4a', 'Cruel Summer - Taylor Swift', NULL, NULL, NULL, NULL, 'on_quote', NULL, NULL, 'custom', 't', 'published') ON CONFLICT (id) DO NOTHING;
INSERT INTO posts (id, artist_id, media_url, media_type, thumbnail_url, caption, style_tags, city, created_at, media_urls, music_url, music_name, title, body_placement, size_category, duration_minutes, price_type, price_min, price_max, availability_type, comments_enabled, status) VALUES ('b1000000-0000-0000-0000-000000000011', '6ad234f5-2650-48e6-8341-db6bee6ee8d7', 'https://images.pexels.com/photos/2126124/pexels-photo-2126124.jpeg?auto=compress&cs=tinysrgb&w=900', 'image', 'https://images.pexels.com/photos/2126124/pexels-photo-2126124.jpeg?auto=compress&cs=tinysrgb&w=400', 'Blackwork tribal — bras gauche terminé', '{blackwork,tribal,bras}', 'Marseille', '2026-06-22 16:46:35.722424+00', '{}', 'https://audio-ssl.itunes.apple.com/itunes-assets/AudioPreview221/v4/4a/e0/1d/4ae01dc9-fe01-1d85-3637-f8a0ec85f02b/mzaf_16939089744347690017.plus.aac.p.m4a', 'Electric Feel - MGMT', NULL, NULL, NULL, NULL, 'on_quote', NULL, NULL, 'custom', 't', 'published') ON CONFLICT (id) DO NOTHING;
INSERT INTO posts (id, artist_id, media_url, media_type, thumbnail_url, caption, style_tags, city, created_at, media_urls, music_url, music_name, title, body_placement, size_category, duration_minutes, price_type, price_min, price_max, availability_type, comments_enabled, status) VALUES ('b1000000-0000-0000-0000-000000000012', '6ad234f5-2650-48e6-8341-db6bee6ee8d7', 'https://images.pexels.com/photos/4125528/pexels-photo-4125528.jpeg?auto=compress&cs=tinysrgb&w=900', 'image', 'https://images.pexels.com/photos/4125528/pexels-photo-4125528.jpeg?auto=compress&cs=tinysrgb&w=400', 'Neo-trad fleurs — couleurs vives, avant-bras', '{neo-trad,floral,couleur}', 'Marseille', '2026-06-22 16:46:35.722424+00', '{}', 'https://audio-ssl.itunes.apple.com/itunes-assets/AudioPreview221/v4/28/f3/d8/28f3d803-255f-434e-cc6b-b393575cb3f2/mzaf_10013788889842484282.plus.aac.p.m4a', 'golden hour - JVKE', NULL, NULL, NULL, NULL, 'on_quote', NULL, NULL, 'custom', 't', 'published') ON CONFLICT (id) DO NOTHING;
INSERT INTO posts (id, artist_id, media_url, media_type, thumbnail_url, caption, style_tags, city, created_at, media_urls, music_url, music_name, title, body_placement, size_category, duration_minutes, price_type, price_min, price_max, availability_type, comments_enabled, status) VALUES ('b1000000-0000-0000-0000-000000000002', '186b842d-d05d-4689-84a0-27bf4d9cdc4e', 'https://videos.pexels.com/video-files/3795426/3795426-hd_1080_2048_25fps.mp4', 'video', 'https://images.pexels.com/photos/7005723/pexels-photo-7005723.jpeg?auto=compress&cs=tinysrgb&w=400', 'Sleeve géométrique en cours — séance 2/4', '{géométrique,blackwork}', 'Paris', '2026-06-22 16:46:35.722424+00', '{}', 'https://audio-ssl.itunes.apple.com/itunes-assets/AudioPreview211/v4/c3/87/1f/c3871f7e-3260-d615-1c66-5fdca2c3a48f/mzaf_10721331211699880949.plus.aac.p.m4a', 'Bad Guy - Billie Eilish', NULL, NULL, NULL, NULL, 'on_quote', NULL, NULL, 'custom', 't', 'published') ON CONFLICT (id) DO NOTHING;
INSERT INTO posts (id, artist_id, media_url, media_type, thumbnail_url, caption, style_tags, city, created_at, media_urls, music_url, music_name, title, body_placement, size_category, duration_minutes, price_type, price_min, price_max, availability_type, comments_enabled, status) VALUES ('b1000000-0000-0000-0000-000000000013', '336b2022-2d74-4fa9-a282-c48f1302a96a', 'https://images.pexels.com/photos/1461816/pexels-photo-1461816.jpeg?auto=compress&cs=tinysrgb&w=900', 'image', 'https://images.pexels.com/photos/1461816/pexels-photo-1461816.jpeg?auto=compress&cs=tinysrgb&w=400', 'Lettering script côte — "à jamais" ✍️', '{lettering,script,côte}', 'Nantes', '2026-06-22 16:46:35.722424+00', '{}', 'https://audio-ssl.itunes.apple.com/itunes-assets/AudioPreview211/v4/a4/eb/3a/a4eb3aeb-eb1f-c382-0aec-ff4eafc34e9e/mzaf_238907262667616343.plus.aac.p.m4a', 'good 4 u - Olivia Rodrigo', NULL, NULL, NULL, NULL, 'on_quote', NULL, NULL, 'custom', 't', 'published') ON CONFLICT (id) DO NOTHING;
INSERT INTO posts (id, artist_id, media_url, media_type, thumbnail_url, caption, style_tags, city, created_at, media_urls, music_url, music_name, title, body_placement, size_category, duration_minutes, price_type, price_min, price_max, availability_type, comments_enabled, status) VALUES ('b1000000-0000-0000-0000-000000000014', '336b2022-2d74-4fa9-a282-c48f1302a96a', 'https://images.pexels.com/photos/4125580/pexels-photo-4125580.jpeg?auto=compress&cs=tinysrgb&w=900', 'image', 'https://images.pexels.com/photos/4125580/pexels-photo-4125580.jpeg?auto=compress&cs=tinysrgb&w=400', 'Aquarelle abstraite — dos complet en couleur', '{watercolor,dos,abstrait}', 'Nantes', '2026-06-22 16:46:35.722424+00', '{}', 'https://audio-ssl.itunes.apple.com/itunes-assets/AudioPreview211/v4/24/27/b0/2427b033-0061-f9ec-7ace-7595bad67651/mzaf_6145218157339714889.plus.aac.p.m4a', 'Heat Waves - Glass Animals', NULL, NULL, NULL, NULL, 'on_quote', NULL, NULL, 'custom', 't', 'published') ON CONFLICT (id) DO NOTHING;
INSERT INTO posts (id, artist_id, media_url, media_type, thumbnail_url, caption, style_tags, city, created_at, media_urls, music_url, music_name, title, body_placement, size_category, duration_minutes, price_type, price_min, price_max, availability_type, comments_enabled, status) VALUES ('ff277e05-300c-44f4-adaa-c7439e596cad', '186b842d-d05d-4689-84a0-27bf4d9cdc4e', 'https://noeexgwelfrpixnmqmrp.supabase.co/storage/v1/object/public/posts/186b842d-d05d-4689-84a0-27bf4d9cdc4e/1782149368339.jpg', 'image', NULL, NULL, '{fineline}', 'Paris', '2026-06-22 17:29:28.798485+00', '{}', NULL, NULL, NULL, NULL, NULL, NULL, 'on_quote', NULL, NULL, 'custom', 't', 'published') ON CONFLICT (id) DO NOTHING;
INSERT INTO posts (id, artist_id, media_url, media_type, thumbnail_url, caption, style_tags, city, created_at, media_urls, music_url, music_name, title, body_placement, size_category, duration_minutes, price_type, price_min, price_max, availability_type, comments_enabled, status) VALUES ('4d264bbf-1dd4-4512-9a6d-f571da04c05b', '186b842d-d05d-4689-84a0-27bf4d9cdc4e', 'https://noeexgwelfrpixnmqmrp.supabase.co/storage/v1/object/public/posts/186b842d-d05d-4689-84a0-27bf4d9cdc4e/1782152537240_d2pr6tajam.png', 'image', NULL, NULL, '{réalisme}', 'Paris', '2026-06-22 18:22:19.059464+00', '{https://noeexgwelfrpixnmqmrp.supabase.co/storage/v1/object/public/posts/186b842d-d05d-4689-84a0-27bf4d9cdc4e/1782152537246_3jtpmc5zkoe.png}', 'https://cdn.pixabay.com/audio/2022/08/04/audio_2dde668d05.mp3', 'Cinematic', NULL, NULL, NULL, NULL, 'on_quote', NULL, NULL, 'custom', 't', 'published') ON CONFLICT (id) DO NOTHING;
INSERT INTO posts (id, artist_id, media_url, media_type, thumbnail_url, caption, style_tags, city, created_at, media_urls, music_url, music_name, title, body_placement, size_category, duration_minutes, price_type, price_min, price_max, availability_type, comments_enabled, status) VALUES ('3b3c9691-b282-484b-afb4-69e4cd1d24f2', 'aca4efa4-7b7d-486a-bf3f-c4aca931a388', 'https://images.pexels.com/photos/2183132/pexels-photo-2183132.jpeg?auto=compress&cs=tinysrgb&w=900', 'image', 'https://images.pexels.com/photos/2183132/pexels-photo-2183132.jpeg?auto=compress&cs=tinysrgb&w=900', 'Adam Point — dotwork', '{dotwork,mandala,géométrique}', 'Grenoble', '2026-06-23 22:32:00.878066+00', '{}', NULL, NULL, NULL, NULL, NULL, NULL, 'range', '150', NULL, 'custom', 'f', 'published') ON CONFLICT (id) DO NOTHING;
INSERT INTO posts (id, artist_id, media_url, media_type, thumbnail_url, caption, style_tags, city, created_at, media_urls, music_url, music_name, title, body_placement, size_category, duration_minutes, price_type, price_min, price_max, availability_type, comments_enabled, status) VALUES ('8b25cfdf-f3f5-4849-8b86-dd9d180f1ea8', 'fca49c39-d61e-42d5-9b2c-57eb58c38858', 'https://images.pexels.com/photos/1749452/pexels-photo-1749452.jpeg?auto=compress&cs=tinysrgb&w=900', 'image', 'https://images.pexels.com/photos/1749452/pexels-photo-1749452.jpeg?auto=compress&cs=tinysrgb&w=900', 'Yanis Irezumi — japonais, pièce récente', '{japonais,couleur}', 'Rennes', '2026-06-24 01:42:21.443539+00', '{}', NULL, NULL, NULL, NULL, NULL, NULL, 'range', '250', NULL, 'custom', 'f', 'published') ON CONFLICT (id) DO NOTHING;
INSERT INTO posts (id, artist_id, media_url, media_type, thumbnail_url, caption, style_tags, city, created_at, media_urls, music_url, music_name, title, body_placement, size_category, duration_minutes, price_type, price_min, price_max, availability_type, comments_enabled, status) VALUES ('9fabbf17-26fb-4c60-9417-bdad32ba40d6', '9b2723c1-6da6-498c-bd71-fe39d4060ecc', 'https://images.pexels.com/photos/1998914/pexels-photo-1998914.jpeg?auto=compress&cs=tinysrgb&w=900', 'image', 'https://images.pexels.com/photos/1998914/pexels-photo-1998914.jpeg?auto=compress&cs=tinysrgb&w=900', 'Léa Botanica — illustratif, flash dispo', '{illustratif,"fine line",watercolor}', 'Nice', '2026-06-24 18:04:39.183014+00', '{}', NULL, NULL, NULL, NULL, NULL, NULL, 'range', '140', NULL, 'flash_available', 'f', 'published') ON CONFLICT (id) DO NOTHING;
INSERT INTO posts (id, artist_id, media_url, media_type, thumbnail_url, caption, style_tags, city, created_at, media_urls, music_url, music_name, title, body_placement, size_category, duration_minutes, price_type, price_min, price_max, availability_type, comments_enabled, status) VALUES ('ad8eab78-02de-4bea-944e-8f08c0903e42', '49a916b0-034c-4279-8906-b772e5965d05', 'https://images.pexels.com/photos/1926620/pexels-photo-1926620.jpeg?auto=compress&cs=tinysrgb&w=900', 'image', 'https://images.pexels.com/photos/1926620/pexels-photo-1926620.jpeg?auto=compress&cs=tinysrgb&w=900', 'Clara Sombra — réalisme', '{réalisme,portrait,blackwork}', 'Montpellier', '2026-06-25 18:46:19.314166+00', '{}', NULL, NULL, NULL, NULL, NULL, NULL, 'range', '220', NULL, 'custom', 'f', 'published') ON CONFLICT (id) DO NOTHING;
INSERT INTO posts (id, artist_id, media_url, media_type, thumbnail_url, caption, style_tags, city, created_at, media_urls, music_url, music_name, title, body_placement, size_category, duration_minutes, price_type, price_min, price_max, availability_type, comments_enabled, status) VALUES ('4a8c035b-5b0a-4147-b00d-1e02d18cdb3c', 'fca49c39-d61e-42d5-9b2c-57eb58c38858', 'https://images.pexels.com/photos/1701202/pexels-photo-1701202.jpeg?auto=compress&cs=tinysrgb&w=900', 'image', 'https://images.pexels.com/photos/1701202/pexels-photo-1701202.jpeg?auto=compress&cs=tinysrgb&w=900', 'Yanis Irezumi — japonais, flash dispo', '{japonais,couleur}', 'Rennes', '2026-06-26 01:26:51.361189+00', '{}', NULL, NULL, NULL, NULL, NULL, NULL, 'range', '250', NULL, 'flash_available', 'f', 'published') ON CONFLICT (id) DO NOTHING;
INSERT INTO posts (id, artist_id, media_url, media_type, thumbnail_url, caption, style_tags, city, created_at, media_urls, music_url, music_name, title, body_placement, size_category, duration_minutes, price_type, price_min, price_max, availability_type, comments_enabled, status) VALUES ('ae1b1672-9758-493b-ad16-042dc3cd8739', '7b8cec5e-8c02-4425-b9b0-66f83ddb6577', 'https://images.pexels.com/photos/1616096/pexels-photo-1616096.jpeg?auto=compress&cs=tinysrgb&w=900', 'image', 'https://images.pexels.com/photos/1616096/pexels-photo-1616096.jpeg?auto=compress&cs=tinysrgb&w=900', 'Nina Aiguille — fine line, pièce récente', '{"fine line",lettering,minimaliste}', 'Toulouse', '2026-06-28 09:03:16.520813+00', '{}', NULL, NULL, NULL, NULL, NULL, NULL, 'range', '100', NULL, 'custom', 'f', 'published') ON CONFLICT (id) DO NOTHING;
INSERT INTO posts (id, artist_id, media_url, media_type, thumbnail_url, caption, style_tags, city, created_at, media_urls, music_url, music_name, title, body_placement, size_category, duration_minutes, price_type, price_min, price_max, availability_type, comments_enabled, status) VALUES ('acffe52f-1851-41db-8c39-ac6a6d8d76c5', 'e06a7a51-e21d-4a7a-b026-5ae6cfd0a61c', 'https://images.pexels.com/photos/4198567/pexels-photo-4198567.jpeg?auto=compress&cs=tinysrgb&w=900', 'image', 'https://images.pexels.com/photos/4198567/pexels-photo-4198567.jpeg?auto=compress&cs=tinysrgb&w=900', 'Jade Encre Rouge — watercolor', '{watercolor,couleur,illustratif}', 'Tours', '2026-06-28 13:04:33.327799+00', '{}', NULL, NULL, NULL, NULL, NULL, NULL, 'range', '130', NULL, 'custom', 'f', 'published') ON CONFLICT (id) DO NOTHING;
INSERT INTO posts (id, artist_id, media_url, media_type, thumbnail_url, caption, style_tags, city, created_at, media_urls, music_url, music_name, title, body_placement, size_category, duration_minutes, price_type, price_min, price_max, availability_type, comments_enabled, status) VALUES ('7403a028-fd65-4d3d-9ec6-ffd80f251546', 'aca4efa4-7b7d-486a-bf3f-c4aca931a388', 'https://images.pexels.com/photos/4198562/pexels-photo-4198562.jpeg?auto=compress&cs=tinysrgb&w=900', 'image', 'https://images.pexels.com/photos/4198562/pexels-photo-4198562.jpeg?auto=compress&cs=tinysrgb&w=900', 'Adam Point — dotwork, flash dispo', '{dotwork,mandala,géométrique}', 'Grenoble', '2026-06-29 02:39:45.402953+00', '{}', NULL, NULL, NULL, NULL, NULL, NULL, 'range', '150', NULL, 'flash_available', 'f', 'published') ON CONFLICT (id) DO NOTHING;
INSERT INTO posts (id, artist_id, media_url, media_type, thumbnail_url, caption, style_tags, city, created_at, media_urls, music_url, music_name, title, body_placement, size_category, duration_minutes, price_type, price_min, price_max, availability_type, comments_enabled, status) VALUES ('ce765b86-e57a-4193-97af-fca7c064f8b2', 'f4d56e03-2a28-418e-934e-bec0f8caeb96', 'https://images.pexels.com/photos/2183131/pexels-photo-2183131.jpeg?auto=compress&cs=tinysrgb&w=900', 'image', 'https://images.pexels.com/photos/2183131/pexels-photo-2183131.jpeg?auto=compress&cs=tinysrgb&w=900', 'Théo Ligne — blackwork, flash dispo', '{blackwork,géométrique,dotwork}', 'Lille', '2026-06-30 01:18:41.860714+00', '{}', NULL, NULL, NULL, NULL, NULL, NULL, 'range', '160', NULL, 'flash_available', 'f', 'published') ON CONFLICT (id) DO NOTHING;
INSERT INTO posts (id, artist_id, media_url, media_type, thumbnail_url, caption, style_tags, city, created_at, media_urls, music_url, music_name, title, body_placement, size_category, duration_minutes, price_type, price_min, price_max, availability_type, comments_enabled, status) VALUES ('1b19eeaa-8743-489e-86cf-6ac344dc7e0e', 'f4d56e03-2a28-418e-934e-bec0f8caeb96', 'https://images.pexels.com/photos/955938/pexels-photo-955938.jpeg?auto=compress&cs=tinysrgb&w=900', 'image', 'https://images.pexels.com/photos/955938/pexels-photo-955938.jpeg?auto=compress&cs=tinysrgb&w=900', 'Théo Ligne — blackwork', '{blackwork,géométrique,dotwork}', 'Lille', '2026-06-30 15:39:32.701123+00', '{}', NULL, NULL, NULL, NULL, NULL, NULL, 'range', '160', NULL, 'custom', 'f', 'published') ON CONFLICT (id) DO NOTHING;
INSERT INTO posts (id, artist_id, media_url, media_type, thumbnail_url, caption, style_tags, city, created_at, media_urls, music_url, music_name, title, body_placement, size_category, duration_minutes, price_type, price_min, price_max, availability_type, comments_enabled, status) VALUES ('425db6b1-dfe2-413d-ac71-91c8e5baf637', 'e06a7a51-e21d-4a7a-b026-5ae6cfd0a61c', 'https://images.pexels.com/photos/2087992/pexels-photo-2087992.jpeg?auto=compress&cs=tinysrgb&w=900', 'image', 'https://images.pexels.com/photos/2087992/pexels-photo-2087992.jpeg?auto=compress&cs=tinysrgb&w=900', 'Jade Encre Rouge — watercolor, pièce récente', '{watercolor,couleur,illustratif}', 'Tours', '2026-07-02 01:02:05.356355+00', '{}', NULL, NULL, NULL, NULL, NULL, NULL, 'range', '130', NULL, 'custom', 'f', 'published') ON CONFLICT (id) DO NOTHING;
INSERT INTO posts (id, artist_id, media_url, media_type, thumbnail_url, caption, style_tags, city, created_at, media_urls, music_url, music_name, title, body_placement, size_category, duration_minutes, price_type, price_min, price_max, availability_type, comments_enabled, status) VALUES ('2b663fbe-65a9-4245-a40e-949ea1c12196', '49a916b0-034c-4279-8906-b772e5965d05', 'https://images.pexels.com/photos/7005670/pexels-photo-7005670.jpeg?auto=compress&cs=tinysrgb&w=900', 'image', 'https://images.pexels.com/photos/7005670/pexels-photo-7005670.jpeg?auto=compress&cs=tinysrgb&w=900', 'Clara Sombra — réalisme, pièce récente', '{réalisme,portrait,blackwork}', 'Montpellier', '2026-07-02 01:40:40.654963+00', '{}', NULL, NULL, NULL, NULL, NULL, NULL, 'range', '220', NULL, 'custom', 'f', 'published') ON CONFLICT (id) DO NOTHING;
INSERT INTO posts (id, artist_id, media_url, media_type, thumbnail_url, caption, style_tags, city, created_at, media_urls, music_url, music_name, title, body_placement, size_category, duration_minutes, price_type, price_min, price_max, availability_type, comments_enabled, status) VALUES ('6e06c3f2-80a7-4b8a-8cc9-f13225d76637', 'bdf40dc4-cf4a-4bfe-a301-c5b203434e8b', 'https://images.pexels.com/photos/1604869/pexels-photo-1604869.jpeg?auto=compress&cs=tinysrgb&w=900', 'image', 'https://images.pexels.com/photos/1604869/pexels-photo-1604869.jpeg?auto=compress&cs=tinysrgb&w=900', 'Marco Trad — old school, pièce récente', '{"old school",neo-trad,couleur}', 'Strasbourg', '2026-07-02 23:09:03.231587+00', '{}', NULL, NULL, NULL, NULL, NULL, NULL, 'range', '170', NULL, 'custom', 'f', 'published') ON CONFLICT (id) DO NOTHING;
INSERT INTO posts (id, artist_id, media_url, media_type, thumbnail_url, caption, style_tags, city, created_at, media_urls, music_url, music_name, title, body_placement, size_category, duration_minutes, price_type, price_min, price_max, availability_type, comments_enabled, status) VALUES ('c219b408-f6dc-4cad-9338-0799d1f2c642', '7b8cec5e-8c02-4425-b9b0-66f83ddb6577', 'https://images.pexels.com/photos/4125496/pexels-photo-4125496.jpeg?auto=compress&cs=tinysrgb&w=900', 'image', 'https://images.pexels.com/photos/4125496/pexels-photo-4125496.jpeg?auto=compress&cs=tinysrgb&w=900', 'Nina Aiguille — fine line, flash dispo', '{"fine line",lettering,minimaliste}', 'Toulouse', '2026-07-03 05:05:48.743527+00', '{}', NULL, NULL, NULL, NULL, NULL, NULL, 'range', '100', NULL, 'flash_available', 'f', 'published') ON CONFLICT (id) DO NOTHING;
INSERT INTO posts (id, artist_id, media_url, media_type, thumbnail_url, caption, style_tags, city, created_at, media_urls, music_url, music_name, title, body_placement, size_category, duration_minutes, price_type, price_min, price_max, availability_type, comments_enabled, status) VALUES ('f5dff59a-ac7c-4c10-b4df-323a9cdbf3af', 'bdf40dc4-cf4a-4bfe-a301-c5b203434e8b', 'https://images.pexels.com/photos/2101187/pexels-photo-2101187.jpeg?auto=compress&cs=tinysrgb&w=900', 'image', 'https://images.pexels.com/photos/2101187/pexels-photo-2101187.jpeg?auto=compress&cs=tinysrgb&w=900', 'Marco Trad — old school, flash dispo', '{"old school",neo-trad,couleur}', 'Strasbourg', '2026-07-04 22:19:31.887612+00', '{}', NULL, NULL, NULL, NULL, NULL, NULL, 'range', '170', NULL, 'flash_available', 'f', 'published') ON CONFLICT (id) DO NOTHING;

-- ── DISPONIBILITÉS ──
INSERT INTO artist_availability (artist_id, status, note) VALUES ('336b2022-2d74-4fa9-a282-c48f1302a96a', 'open', NULL) ON CONFLICT (artist_id, status) DO NOTHING;
INSERT INTO artist_availability (artist_id, status, note) VALUES ('6ad234f5-2650-48e6-8341-db6bee6ee8d7', 'open', NULL) ON CONFLICT (artist_id, status) DO NOTHING;
INSERT INTO artist_availability (artist_id, status, note) VALUES ('efd00474-9dd7-4bd0-a9bc-855314802650', 'open', NULL) ON CONFLICT (artist_id, status) DO NOTHING;
INSERT INTO artist_availability (artist_id, status, note) VALUES ('fec22eea-1e6f-4a82-8134-0e225693c777', 'open', NULL) ON CONFLICT (artist_id, status) DO NOTHING;
INSERT INTO artist_availability (artist_id, status, note) VALUES ('186b842d-d05d-4689-84a0-27bf4d9cdc4e', 'open', NULL) ON CONFLICT (artist_id, status) DO NOTHING;
INSERT INTO artist_availability (artist_id, status, note) VALUES ('f4d56e03-2a28-418e-934e-bec0f8caeb96', 'open', NULL) ON CONFLICT (artist_id, status) DO NOTHING;
INSERT INTO artist_availability (artist_id, status, note) VALUES ('7b8cec5e-8c02-4425-b9b0-66f83ddb6577', 'waitlist', NULL) ON CONFLICT (artist_id, status) DO NOTHING;
INSERT INTO artist_availability (artist_id, status, note) VALUES ('bdf40dc4-cf4a-4bfe-a301-c5b203434e8b', 'open', NULL) ON CONFLICT (artist_id, status) DO NOTHING;
INSERT INTO artist_availability (artist_id, status, note) VALUES ('9b2723c1-6da6-498c-bd71-fe39d4060ecc', 'flash_only', NULL) ON CONFLICT (artist_id, status) DO NOTHING;
INSERT INTO artist_availability (artist_id, status, note) VALUES ('fca49c39-d61e-42d5-9b2c-57eb58c38858', 'waitlist', NULL) ON CONFLICT (artist_id, status) DO NOTHING;
INSERT INTO artist_availability (artist_id, status, note) VALUES ('49a916b0-034c-4279-8906-b772e5965d05', 'open', NULL) ON CONFLICT (artist_id, status) DO NOTHING;
INSERT INTO artist_availability (artist_id, status, note) VALUES ('aca4efa4-7b7d-486a-bf3f-c4aca931a388', 'guest_spot_soon', NULL) ON CONFLICT (artist_id, status) DO NOTHING;
INSERT INTO artist_availability (artist_id, status, note) VALUES ('e06a7a51-e21d-4a7a-b026-5ae6cfd0a61c', 'open', NULL) ON CONFLICT (artist_id, status) DO NOTHING;

-- ── LIEUX / GUEST SPOTS ──
INSERT INTO artist_locations (artist_id, type, studio_name, city, address, is_address_public, guest_spot_start, guest_spot_end) VALUES ('aca4efa4-7b7d-486a-bf3f-c4aca931a388', 'guest_spot', NULL, 'Paris', NULL, 'f', '2026-07-20', '2026-07-27');

-- ── AVIS (détachés de leurs projets d'origine) ──
INSERT INTO reviews (client_id, artist_id, project_request_id, rating, body, created_at) VALUES ('584e65e0-630c-440a-b762-c86e5d4e74fc', '186b842d-d05d-4689-84a0-27bf4d9cdc4e', NULL, '5', 'Expérience incroyable. Maya est à l''écoute, précise, le résultat est exactement ce que j''imaginais. Je recommande les yeux fermés.', '2026-06-23 10:56:08.535591+00');
INSERT INTO reviews (client_id, artist_id, project_request_id, rating, body, created_at) VALUES ('24e71736-625f-41cc-9903-63cf9333b9d0', '186b842d-d05d-4689-84a0-27bf4d9cdc4e', NULL, '5', 'Rien à redire, Maya est une artiste hors pair. Le fine line qu''elle fait est d''une précision rare.', '2026-06-23 10:57:01.507655+00');
INSERT INTO reviews (client_id, artist_id, project_request_id, rating, body, created_at) VALUES ('4180ea8c-9e39-4c63-8387-ed1dd835b724', '186b842d-d05d-4689-84a0-27bf4d9cdc4e', NULL, '5', 'Mon deuxième tatouage avec Maya et toujours aussi impressionnée. Fine line parfaite, cicatrisation nickel.', '2026-06-23 10:57:01.507655+00');
INSERT INTO reviews (client_id, artist_id, project_request_id, rating, body, created_at) VALUES ('a3f4d29f-456c-487b-ba2a-fc791fd3cf2a', '186b842d-d05d-4689-84a0-27bf4d9cdc4e', NULL, '5', 'Accueil top, ambiance cool, résultat bluffant. Mon entourage me demande tous où j''ai fait ça !', '2026-06-23 10:57:01.507655+00');
INSERT INTO reviews (client_id, artist_id, project_request_id, rating, body, created_at) VALUES ('68949e3e-86f3-4a1f-8974-4b0d03ba3e5c', '186b842d-d05d-4689-84a0-27bf4d9cdc4e', NULL, '5', 'Elle a su retranscrire mon idée mieux que ce que j''avais imaginé. Un vrai talent.', '2026-06-23 10:57:01.507655+00');
INSERT INTO reviews (client_id, artist_id, project_request_id, rating, body, created_at) VALUES ('88df4f61-4710-42a0-a511-cf9bff2c0f97', '186b842d-d05d-4689-84a0-27bf4d9cdc4e', NULL, '4', 'Super pro, bonne communication avant le rdv. Le tatouage est magnifique, juste un peu long à caler les dates.', '2026-06-23 10:57:01.507655+00');

-- ── INTERACTIONS ──
INSERT INTO likes (post_id, user_id) VALUES ('b1000000-0000-0000-0000-000000000001', 'efd00474-9dd7-4bd0-a9bc-855314802650') ON CONFLICT DO NOTHING;
INSERT INTO likes (post_id, user_id) VALUES ('b1000000-0000-0000-0000-000000000001', 'fec22eea-1e6f-4a82-8134-0e225693c777') ON CONFLICT DO NOTHING;
INSERT INTO likes (post_id, user_id) VALUES ('b1000000-0000-0000-0000-000000000004', '186b842d-d05d-4689-84a0-27bf4d9cdc4e') ON CONFLICT DO NOTHING;
INSERT INTO likes (post_id, user_id) VALUES ('b1000000-0000-0000-0000-000000000007', '6ad234f5-2650-48e6-8341-db6bee6ee8d7') ON CONFLICT DO NOTHING;
INSERT INTO likes (post_id, user_id) VALUES ('b1000000-0000-0000-0000-000000000010', '336b2022-2d74-4fa9-a282-c48f1302a96a') ON CONFLICT DO NOTHING;
INSERT INTO likes (post_id, user_id) VALUES ('b1000000-0000-0000-0000-000000000013', '186b842d-d05d-4689-84a0-27bf4d9cdc4e') ON CONFLICT DO NOTHING;
INSERT INTO likes (post_id, user_id) VALUES ('b1000000-0000-0000-0000-000000000005', '186b842d-d05d-4689-84a0-27bf4d9cdc4e') ON CONFLICT DO NOTHING;
INSERT INTO likes (post_id, user_id) VALUES ('b1000000-0000-0000-0000-000000000010', '584e65e0-630c-440a-b762-c86e5d4e74fc') ON CONFLICT DO NOTHING;
INSERT INTO likes (post_id, user_id) VALUES ('c1000000-0000-0000-0000-000000000021', '584e65e0-630c-440a-b762-c86e5d4e74fc') ON CONFLICT DO NOTHING;
INSERT INTO likes (post_id, user_id) VALUES ('b1000000-0000-0000-0000-000000000012', '584e65e0-630c-440a-b762-c86e5d4e74fc') ON CONFLICT DO NOTHING;
INSERT INTO likes (post_id, user_id) VALUES ('c1000000-0000-0000-0000-000000000011', '584e65e0-630c-440a-b762-c86e5d4e74fc') ON CONFLICT DO NOTHING;
INSERT INTO likes (post_id, user_id) VALUES ('c1000000-0000-0000-0000-000000000012', '584e65e0-630c-440a-b762-c86e5d4e74fc') ON CONFLICT DO NOTHING;
INSERT INTO likes (post_id, user_id) VALUES ('c1000000-0000-0000-0000-000000000002', '961d494c-95d3-4f70-9a1a-a75dd7b1dc82') ON CONFLICT DO NOTHING;
INSERT INTO likes (post_id, user_id) VALUES ('b1000000-0000-0000-0000-000000000014', '961d494c-95d3-4f70-9a1a-a75dd7b1dc82') ON CONFLICT DO NOTHING;
INSERT INTO likes (post_id, user_id) VALUES ('c1000000-0000-0000-0000-000000000009', '961d494c-95d3-4f70-9a1a-a75dd7b1dc82') ON CONFLICT DO NOTHING;
INSERT INTO likes (post_id, user_id) VALUES ('c1000000-0000-0000-0000-000000000011', '961d494c-95d3-4f70-9a1a-a75dd7b1dc82') ON CONFLICT DO NOTHING;
INSERT INTO likes (post_id, user_id) VALUES ('c1000000-0000-0000-0000-000000000004', '961d494c-95d3-4f70-9a1a-a75dd7b1dc82') ON CONFLICT DO NOTHING;
INSERT INTO likes (post_id, user_id) VALUES ('b1000000-0000-0000-0000-000000000002', '961d494c-95d3-4f70-9a1a-a75dd7b1dc82') ON CONFLICT DO NOTHING;
INSERT INTO likes (post_id, user_id) VALUES ('b1000000-0000-0000-0000-000000000008', '961d494c-95d3-4f70-9a1a-a75dd7b1dc82') ON CONFLICT DO NOTHING;
INSERT INTO likes (post_id, user_id) VALUES ('ff277e05-300c-44f4-adaa-c7439e596cad', '24e71736-625f-41cc-9903-63cf9333b9d0') ON CONFLICT DO NOTHING;
INSERT INTO likes (post_id, user_id) VALUES ('b1000000-0000-0000-0000-000000000005', '24e71736-625f-41cc-9903-63cf9333b9d0') ON CONFLICT DO NOTHING;
INSERT INTO likes (post_id, user_id) VALUES ('c1000000-0000-0000-0000-000000000006', '24e71736-625f-41cc-9903-63cf9333b9d0') ON CONFLICT DO NOTHING;
INSERT INTO likes (post_id, user_id) VALUES ('c1000000-0000-0000-0000-000000000016', '24e71736-625f-41cc-9903-63cf9333b9d0') ON CONFLICT DO NOTHING;
INSERT INTO likes (post_id, user_id) VALUES ('c1000000-0000-0000-0000-000000000008', '24e71736-625f-41cc-9903-63cf9333b9d0') ON CONFLICT DO NOTHING;
INSERT INTO likes (post_id, user_id) VALUES ('c1000000-0000-0000-0000-000000000003', '24e71736-625f-41cc-9903-63cf9333b9d0') ON CONFLICT DO NOTHING;
INSERT INTO likes (post_id, user_id) VALUES ('c1000000-0000-0000-0000-000000000009', '24e71736-625f-41cc-9903-63cf9333b9d0') ON CONFLICT DO NOTHING;
INSERT INTO likes (post_id, user_id) VALUES ('b1000000-0000-0000-0000-000000000014', 'b35bdc9f-dbe1-4832-a2c4-3959717e1bc2') ON CONFLICT DO NOTHING;
INSERT INTO likes (post_id, user_id) VALUES ('b1000000-0000-0000-0000-000000000002', 'b35bdc9f-dbe1-4832-a2c4-3959717e1bc2') ON CONFLICT DO NOTHING;
INSERT INTO likes (post_id, user_id) VALUES ('4d264bbf-1dd4-4512-9a6d-f571da04c05b', 'b35bdc9f-dbe1-4832-a2c4-3959717e1bc2') ON CONFLICT DO NOTHING;
INSERT INTO likes (post_id, user_id) VALUES ('b1000000-0000-0000-0000-000000000010', 'b35bdc9f-dbe1-4832-a2c4-3959717e1bc2') ON CONFLICT DO NOTHING;
INSERT INTO likes (post_id, user_id) VALUES ('b1000000-0000-0000-0000-000000000007', 'b35bdc9f-dbe1-4832-a2c4-3959717e1bc2') ON CONFLICT DO NOTHING;
INSERT INTO likes (post_id, user_id) VALUES ('c1000000-0000-0000-0000-000000000018', 'b35bdc9f-dbe1-4832-a2c4-3959717e1bc2') ON CONFLICT DO NOTHING;
INSERT INTO likes (post_id, user_id) VALUES ('b1000000-0000-0000-0000-000000000003', 'b35bdc9f-dbe1-4832-a2c4-3959717e1bc2') ON CONFLICT DO NOTHING;
INSERT INTO likes (post_id, user_id) VALUES ('c1000000-0000-0000-0000-000000000014', 'b35bdc9f-dbe1-4832-a2c4-3959717e1bc2') ON CONFLICT DO NOTHING;
INSERT INTO likes (post_id, user_id) VALUES ('4d264bbf-1dd4-4512-9a6d-f571da04c05b', 'bde4b08d-a5a1-4a15-ac37-d82b2193aca2') ON CONFLICT DO NOTHING;
INSERT INTO likes (post_id, user_id) VALUES ('b1000000-0000-0000-0000-000000000008', 'bde4b08d-a5a1-4a15-ac37-d82b2193aca2') ON CONFLICT DO NOTHING;
INSERT INTO likes (post_id, user_id) VALUES ('c1000000-0000-0000-0000-000000000005', 'bde4b08d-a5a1-4a15-ac37-d82b2193aca2') ON CONFLICT DO NOTHING;
INSERT INTO likes (post_id, user_id) VALUES ('c1000000-0000-0000-0000-000000000004', 'bde4b08d-a5a1-4a15-ac37-d82b2193aca2') ON CONFLICT DO NOTHING;
INSERT INTO likes (post_id, user_id) VALUES ('4d264bbf-1dd4-4512-9a6d-f571da04c05b', 'ab8b7de8-ee09-4c38-8e28-696eacb84caa') ON CONFLICT DO NOTHING;
INSERT INTO likes (post_id, user_id) VALUES ('b1000000-0000-0000-0000-000000000013', 'ab8b7de8-ee09-4c38-8e28-696eacb84caa') ON CONFLICT DO NOTHING;
INSERT INTO likes (post_id, user_id) VALUES ('b1000000-0000-0000-0000-000000000009', 'ab8b7de8-ee09-4c38-8e28-696eacb84caa') ON CONFLICT DO NOTHING;
INSERT INTO likes (post_id, user_id) VALUES ('c1000000-0000-0000-0000-000000000016', 'ab8b7de8-ee09-4c38-8e28-696eacb84caa') ON CONFLICT DO NOTHING;
INSERT INTO likes (post_id, user_id) VALUES ('c1000000-0000-0000-0000-000000000021', 'ab8b7de8-ee09-4c38-8e28-696eacb84caa') ON CONFLICT DO NOTHING;
INSERT INTO likes (post_id, user_id) VALUES ('c1000000-0000-0000-0000-000000000015', '4180ea8c-9e39-4c63-8387-ed1dd835b724') ON CONFLICT DO NOTHING;
INSERT INTO likes (post_id, user_id) VALUES ('c1000000-0000-0000-0000-000000000005', '4180ea8c-9e39-4c63-8387-ed1dd835b724') ON CONFLICT DO NOTHING;
INSERT INTO likes (post_id, user_id) VALUES ('c1000000-0000-0000-0000-000000000013', '4180ea8c-9e39-4c63-8387-ed1dd835b724') ON CONFLICT DO NOTHING;
INSERT INTO likes (post_id, user_id) VALUES ('b1000000-0000-0000-0000-000000000002', '4180ea8c-9e39-4c63-8387-ed1dd835b724') ON CONFLICT DO NOTHING;
INSERT INTO likes (post_id, user_id) VALUES ('ff277e05-300c-44f4-adaa-c7439e596cad', '4180ea8c-9e39-4c63-8387-ed1dd835b724') ON CONFLICT DO NOTHING;
INSERT INTO likes (post_id, user_id) VALUES ('b1000000-0000-0000-0000-000000000011', '4180ea8c-9e39-4c63-8387-ed1dd835b724') ON CONFLICT DO NOTHING;
INSERT INTO likes (post_id, user_id) VALUES ('c1000000-0000-0000-0000-000000000020', '4180ea8c-9e39-4c63-8387-ed1dd835b724') ON CONFLICT DO NOTHING;
INSERT INTO likes (post_id, user_id) VALUES ('b1000000-0000-0000-0000-000000000008', '65685cfa-a3ac-4758-9eca-1b40a3de9c4b') ON CONFLICT DO NOTHING;
INSERT INTO likes (post_id, user_id) VALUES ('c1000000-0000-0000-0000-000000000012', '65685cfa-a3ac-4758-9eca-1b40a3de9c4b') ON CONFLICT DO NOTHING;
INSERT INTO likes (post_id, user_id) VALUES ('c1000000-0000-0000-0000-000000000007', '65685cfa-a3ac-4758-9eca-1b40a3de9c4b') ON CONFLICT DO NOTHING;
INSERT INTO likes (post_id, user_id) VALUES ('b1000000-0000-0000-0000-000000000004', '65685cfa-a3ac-4758-9eca-1b40a3de9c4b') ON CONFLICT DO NOTHING;
INSERT INTO likes (post_id, user_id) VALUES ('c1000000-0000-0000-0000-000000000001', '65685cfa-a3ac-4758-9eca-1b40a3de9c4b') ON CONFLICT DO NOTHING;
INSERT INTO likes (post_id, user_id) VALUES ('c1000000-0000-0000-0000-000000000013', '65685cfa-a3ac-4758-9eca-1b40a3de9c4b') ON CONFLICT DO NOTHING;
INSERT INTO likes (post_id, user_id) VALUES ('c1000000-0000-0000-0000-000000000009', '68949e3e-86f3-4a1f-8974-4b0d03ba3e5c') ON CONFLICT DO NOTHING;
INSERT INTO likes (post_id, user_id) VALUES ('c1000000-0000-0000-0000-000000000001', '68949e3e-86f3-4a1f-8974-4b0d03ba3e5c') ON CONFLICT DO NOTHING;
INSERT INTO likes (post_id, user_id) VALUES ('b1000000-0000-0000-0000-000000000004', '68949e3e-86f3-4a1f-8974-4b0d03ba3e5c') ON CONFLICT DO NOTHING;
INSERT INTO likes (post_id, user_id) VALUES ('b1000000-0000-0000-0000-000000000003', '68949e3e-86f3-4a1f-8974-4b0d03ba3e5c') ON CONFLICT DO NOTHING;
INSERT INTO likes (post_id, user_id) VALUES ('c1000000-0000-0000-0000-000000000008', '68949e3e-86f3-4a1f-8974-4b0d03ba3e5c') ON CONFLICT DO NOTHING;
INSERT INTO likes (post_id, user_id) VALUES ('c1000000-0000-0000-0000-000000000022', '68949e3e-86f3-4a1f-8974-4b0d03ba3e5c') ON CONFLICT DO NOTHING;
INSERT INTO likes (post_id, user_id) VALUES ('b1000000-0000-0000-0000-000000000008', '68949e3e-86f3-4a1f-8974-4b0d03ba3e5c') ON CONFLICT DO NOTHING;
INSERT INTO likes (post_id, user_id) VALUES ('b1000000-0000-0000-0000-000000000014', '68949e3e-86f3-4a1f-8974-4b0d03ba3e5c') ON CONFLICT DO NOTHING;
INSERT INTO likes (post_id, user_id) VALUES ('b1000000-0000-0000-0000-000000000001', '33b5504a-f85c-4ba0-b27b-e6b054d5f127') ON CONFLICT DO NOTHING;
INSERT INTO likes (post_id, user_id) VALUES ('b1000000-0000-0000-0000-000000000014', '33b5504a-f85c-4ba0-b27b-e6b054d5f127') ON CONFLICT DO NOTHING;
INSERT INTO likes (post_id, user_id) VALUES ('c1000000-0000-0000-0000-000000000012', '33b5504a-f85c-4ba0-b27b-e6b054d5f127') ON CONFLICT DO NOTHING;
INSERT INTO likes (post_id, user_id) VALUES ('c1000000-0000-0000-0000-000000000010', '7f82adf3-d4fc-4788-b7c6-b0e149cfad19') ON CONFLICT DO NOTHING;
INSERT INTO likes (post_id, user_id) VALUES ('c1000000-0000-0000-0000-000000000002', '7f82adf3-d4fc-4788-b7c6-b0e149cfad19') ON CONFLICT DO NOTHING;
INSERT INTO likes (post_id, user_id) VALUES ('c1000000-0000-0000-0000-000000000021', '7f82adf3-d4fc-4788-b7c6-b0e149cfad19') ON CONFLICT DO NOTHING;
INSERT INTO likes (post_id, user_id) VALUES ('c1000000-0000-0000-0000-000000000009', '7f82adf3-d4fc-4788-b7c6-b0e149cfad19') ON CONFLICT DO NOTHING;
INSERT INTO likes (post_id, user_id) VALUES ('b1000000-0000-0000-0000-000000000011', '7f82adf3-d4fc-4788-b7c6-b0e149cfad19') ON CONFLICT DO NOTHING;
INSERT INTO likes (post_id, user_id) VALUES ('c1000000-0000-0000-0000-000000000020', '1b387ae4-b68e-4cda-b60d-6661f9359c73') ON CONFLICT DO NOTHING;
INSERT INTO likes (post_id, user_id) VALUES ('c1000000-0000-0000-0000-000000000007', '1b387ae4-b68e-4cda-b60d-6661f9359c73') ON CONFLICT DO NOTHING;
INSERT INTO likes (post_id, user_id) VALUES ('c1000000-0000-0000-0000-000000000004', '1b387ae4-b68e-4cda-b60d-6661f9359c73') ON CONFLICT DO NOTHING;
INSERT INTO likes (post_id, user_id) VALUES ('c1000000-0000-0000-0000-000000000005', '1b387ae4-b68e-4cda-b60d-6661f9359c73') ON CONFLICT DO NOTHING;
INSERT INTO likes (post_id, user_id) VALUES ('b1000000-0000-0000-0000-000000000010', 'a3f4d29f-456c-487b-ba2a-fc791fd3cf2a') ON CONFLICT DO NOTHING;
INSERT INTO likes (post_id, user_id) VALUES ('b1000000-0000-0000-0000-000000000009', 'a3f4d29f-456c-487b-ba2a-fc791fd3cf2a') ON CONFLICT DO NOTHING;
INSERT INTO likes (post_id, user_id) VALUES ('b1000000-0000-0000-0000-000000000014', 'a3f4d29f-456c-487b-ba2a-fc791fd3cf2a') ON CONFLICT DO NOTHING;
INSERT INTO likes (post_id, user_id) VALUES ('b1000000-0000-0000-0000-000000000008', 'a3f4d29f-456c-487b-ba2a-fc791fd3cf2a') ON CONFLICT DO NOTHING;
INSERT INTO likes (post_id, user_id) VALUES ('c1000000-0000-0000-0000-000000000016', 'a3f4d29f-456c-487b-ba2a-fc791fd3cf2a') ON CONFLICT DO NOTHING;
INSERT INTO likes (post_id, user_id) VALUES ('4d264bbf-1dd4-4512-9a6d-f571da04c05b', 'a3f4d29f-456c-487b-ba2a-fc791fd3cf2a') ON CONFLICT DO NOTHING;
INSERT INTO likes (post_id, user_id) VALUES ('c1000000-0000-0000-0000-000000000008', '1558bd9e-60b7-4c8a-8c53-87f872f8136a') ON CONFLICT DO NOTHING;
INSERT INTO likes (post_id, user_id) VALUES ('c1000000-0000-0000-0000-000000000020', '1558bd9e-60b7-4c8a-8c53-87f872f8136a') ON CONFLICT DO NOTHING;
INSERT INTO likes (post_id, user_id) VALUES ('b1000000-0000-0000-0000-000000000003', '1558bd9e-60b7-4c8a-8c53-87f872f8136a') ON CONFLICT DO NOTHING;
INSERT INTO likes (post_id, user_id) VALUES ('b1000000-0000-0000-0000-000000000004', '1558bd9e-60b7-4c8a-8c53-87f872f8136a') ON CONFLICT DO NOTHING;
INSERT INTO likes (post_id, user_id) VALUES ('c1000000-0000-0000-0000-000000000001', '1558bd9e-60b7-4c8a-8c53-87f872f8136a') ON CONFLICT DO NOTHING;
INSERT INTO likes (post_id, user_id) VALUES ('c1000000-0000-0000-0000-000000000015', '1558bd9e-60b7-4c8a-8c53-87f872f8136a') ON CONFLICT DO NOTHING;
INSERT INTO likes (post_id, user_id) VALUES ('c1000000-0000-0000-0000-000000000009', '1558bd9e-60b7-4c8a-8c53-87f872f8136a') ON CONFLICT DO NOTHING;
INSERT INTO likes (post_id, user_id) VALUES ('c1000000-0000-0000-0000-000000000004', '1558bd9e-60b7-4c8a-8c53-87f872f8136a') ON CONFLICT DO NOTHING;
INSERT INTO likes (post_id, user_id) VALUES ('4d264bbf-1dd4-4512-9a6d-f571da04c05b', '88df4f61-4710-42a0-a511-cf9bff2c0f97') ON CONFLICT DO NOTHING;
INSERT INTO likes (post_id, user_id) VALUES ('c1000000-0000-0000-0000-000000000017', '88df4f61-4710-42a0-a511-cf9bff2c0f97') ON CONFLICT DO NOTHING;
INSERT INTO likes (post_id, user_id) VALUES ('b1000000-0000-0000-0000-000000000014', '88df4f61-4710-42a0-a511-cf9bff2c0f97') ON CONFLICT DO NOTHING;
INSERT INTO likes (post_id, user_id) VALUES ('c1000000-0000-0000-0000-000000000006', '88df4f61-4710-42a0-a511-cf9bff2c0f97') ON CONFLICT DO NOTHING;
INSERT INTO likes (post_id, user_id) VALUES ('c1000000-0000-0000-0000-000000000018', '88df4f61-4710-42a0-a511-cf9bff2c0f97') ON CONFLICT DO NOTHING;
INSERT INTO likes (post_id, user_id) VALUES ('ff277e05-300c-44f4-adaa-c7439e596cad', '88df4f61-4710-42a0-a511-cf9bff2c0f97') ON CONFLICT DO NOTHING;
INSERT INTO likes (post_id, user_id) VALUES ('c1000000-0000-0000-0000-000000000019', '584e65e0-630c-440a-b762-c86e5d4e74fc') ON CONFLICT DO NOTHING;
INSERT INTO saves (post_id, user_id) VALUES ('b1000000-0000-0000-0000-000000000002', '186b842d-d05d-4689-84a0-27bf4d9cdc4e') ON CONFLICT DO NOTHING;
INSERT INTO saves (post_id, user_id) VALUES ('b1000000-0000-0000-0000-000000000003', '186b842d-d05d-4689-84a0-27bf4d9cdc4e') ON CONFLICT DO NOTHING;
INSERT INTO saves (post_id, user_id) VALUES ('b1000000-0000-0000-0000-000000000002', '584e65e0-630c-440a-b762-c86e5d4e74fc') ON CONFLICT DO NOTHING;
INSERT INTO saves (post_id, user_id) VALUES ('b1000000-0000-0000-0000-000000000003', '584e65e0-630c-440a-b762-c86e5d4e74fc') ON CONFLICT DO NOTHING;
INSERT INTO saves (post_id, user_id) VALUES ('c1000000-0000-0000-0000-000000000005', '584e65e0-630c-440a-b762-c86e5d4e74fc') ON CONFLICT DO NOTHING;
INSERT INTO saves (post_id, user_id) VALUES ('ff277e05-300c-44f4-adaa-c7439e596cad', '961d494c-95d3-4f70-9a1a-a75dd7b1dc82') ON CONFLICT DO NOTHING;
INSERT INTO saves (post_id, user_id) VALUES ('c1000000-0000-0000-0000-000000000014', '961d494c-95d3-4f70-9a1a-a75dd7b1dc82') ON CONFLICT DO NOTHING;
INSERT INTO saves (post_id, user_id) VALUES ('b1000000-0000-0000-0000-000000000008', '961d494c-95d3-4f70-9a1a-a75dd7b1dc82') ON CONFLICT DO NOTHING;
INSERT INTO saves (post_id, user_id) VALUES ('c1000000-0000-0000-0000-000000000015', '961d494c-95d3-4f70-9a1a-a75dd7b1dc82') ON CONFLICT DO NOTHING;
INSERT INTO saves (post_id, user_id) VALUES ('c1000000-0000-0000-0000-000000000002', '24e71736-625f-41cc-9903-63cf9333b9d0') ON CONFLICT DO NOTHING;
INSERT INTO saves (post_id, user_id) VALUES ('c1000000-0000-0000-0000-000000000013', '24e71736-625f-41cc-9903-63cf9333b9d0') ON CONFLICT DO NOTHING;
INSERT INTO saves (post_id, user_id) VALUES ('c1000000-0000-0000-0000-000000000002', 'b35bdc9f-dbe1-4832-a2c4-3959717e1bc2') ON CONFLICT DO NOTHING;
INSERT INTO saves (post_id, user_id) VALUES ('c1000000-0000-0000-0000-000000000013', 'b35bdc9f-dbe1-4832-a2c4-3959717e1bc2') ON CONFLICT DO NOTHING;
INSERT INTO saves (post_id, user_id) VALUES ('c1000000-0000-0000-0000-000000000004', 'bde4b08d-a5a1-4a15-ac37-d82b2193aca2') ON CONFLICT DO NOTHING;
INSERT INTO saves (post_id, user_id) VALUES ('b1000000-0000-0000-0000-000000000002', 'bde4b08d-a5a1-4a15-ac37-d82b2193aca2') ON CONFLICT DO NOTHING;
INSERT INTO saves (post_id, user_id) VALUES ('c1000000-0000-0000-0000-000000000001', 'bde4b08d-a5a1-4a15-ac37-d82b2193aca2') ON CONFLICT DO NOTHING;
INSERT INTO saves (post_id, user_id) VALUES ('b1000000-0000-0000-0000-000000000003', 'bde4b08d-a5a1-4a15-ac37-d82b2193aca2') ON CONFLICT DO NOTHING;
INSERT INTO saves (post_id, user_id) VALUES ('c1000000-0000-0000-0000-000000000011', 'ab8b7de8-ee09-4c38-8e28-696eacb84caa') ON CONFLICT DO NOTHING;
INSERT INTO saves (post_id, user_id) VALUES ('b1000000-0000-0000-0000-000000000015', 'ab8b7de8-ee09-4c38-8e28-696eacb84caa') ON CONFLICT DO NOTHING;
INSERT INTO saves (post_id, user_id) VALUES ('b1000000-0000-0000-0000-000000000009', 'ab8b7de8-ee09-4c38-8e28-696eacb84caa') ON CONFLICT DO NOTHING;
INSERT INTO saves (post_id, user_id) VALUES ('ff277e05-300c-44f4-adaa-c7439e596cad', '4180ea8c-9e39-4c63-8387-ed1dd835b724') ON CONFLICT DO NOTHING;
INSERT INTO saves (post_id, user_id) VALUES ('b1000000-0000-0000-0000-000000000009', '4180ea8c-9e39-4c63-8387-ed1dd835b724') ON CONFLICT DO NOTHING;
INSERT INTO saves (post_id, user_id) VALUES ('c1000000-0000-0000-0000-000000000006', '4180ea8c-9e39-4c63-8387-ed1dd835b724') ON CONFLICT DO NOTHING;
INSERT INTO saves (post_id, user_id) VALUES ('b1000000-0000-0000-0000-000000000013', '65685cfa-a3ac-4758-9eca-1b40a3de9c4b') ON CONFLICT DO NOTHING;
INSERT INTO saves (post_id, user_id) VALUES ('c1000000-0000-0000-0000-000000000021', '65685cfa-a3ac-4758-9eca-1b40a3de9c4b') ON CONFLICT DO NOTHING;
INSERT INTO saves (post_id, user_id) VALUES ('c1000000-0000-0000-0000-000000000002', '65685cfa-a3ac-4758-9eca-1b40a3de9c4b') ON CONFLICT DO NOTHING;
INSERT INTO saves (post_id, user_id) VALUES ('c1000000-0000-0000-0000-000000000002', '68949e3e-86f3-4a1f-8974-4b0d03ba3e5c') ON CONFLICT DO NOTHING;
INSERT INTO saves (post_id, user_id) VALUES ('c1000000-0000-0000-0000-000000000019', '68949e3e-86f3-4a1f-8974-4b0d03ba3e5c') ON CONFLICT DO NOTHING;
INSERT INTO saves (post_id, user_id) VALUES ('c1000000-0000-0000-0000-000000000009', '68949e3e-86f3-4a1f-8974-4b0d03ba3e5c') ON CONFLICT DO NOTHING;
INSERT INTO saves (post_id, user_id) VALUES ('c1000000-0000-0000-0000-000000000020', '68949e3e-86f3-4a1f-8974-4b0d03ba3e5c') ON CONFLICT DO NOTHING;
INSERT INTO saves (post_id, user_id) VALUES ('c1000000-0000-0000-0000-000000000003', '33b5504a-f85c-4ba0-b27b-e6b054d5f127') ON CONFLICT DO NOTHING;
INSERT INTO saves (post_id, user_id) VALUES ('c1000000-0000-0000-0000-000000000012', '33b5504a-f85c-4ba0-b27b-e6b054d5f127') ON CONFLICT DO NOTHING;
INSERT INTO saves (post_id, user_id) VALUES ('ff277e05-300c-44f4-adaa-c7439e596cad', '7f82adf3-d4fc-4788-b7c6-b0e149cfad19') ON CONFLICT DO NOTHING;
INSERT INTO saves (post_id, user_id) VALUES ('b1000000-0000-0000-0000-000000000010', '7f82adf3-d4fc-4788-b7c6-b0e149cfad19') ON CONFLICT DO NOTHING;
INSERT INTO saves (post_id, user_id) VALUES ('c1000000-0000-0000-0000-000000000009', '7f82adf3-d4fc-4788-b7c6-b0e149cfad19') ON CONFLICT DO NOTHING;
INSERT INTO saves (post_id, user_id) VALUES ('c1000000-0000-0000-0000-000000000010', '7f82adf3-d4fc-4788-b7c6-b0e149cfad19') ON CONFLICT DO NOTHING;
INSERT INTO saves (post_id, user_id) VALUES ('b1000000-0000-0000-0000-000000000008', '1b387ae4-b68e-4cda-b60d-6661f9359c73') ON CONFLICT DO NOTHING;
INSERT INTO saves (post_id, user_id) VALUES ('b1000000-0000-0000-0000-000000000014', '1b387ae4-b68e-4cda-b60d-6661f9359c73') ON CONFLICT DO NOTHING;
INSERT INTO saves (post_id, user_id) VALUES ('b1000000-0000-0000-0000-000000000011', '1b387ae4-b68e-4cda-b60d-6661f9359c73') ON CONFLICT DO NOTHING;
INSERT INTO saves (post_id, user_id) VALUES ('c1000000-0000-0000-0000-000000000013', '1b387ae4-b68e-4cda-b60d-6661f9359c73') ON CONFLICT DO NOTHING;
INSERT INTO saves (post_id, user_id) VALUES ('c1000000-0000-0000-0000-000000000011', 'a3f4d29f-456c-487b-ba2a-fc791fd3cf2a') ON CONFLICT DO NOTHING;
INSERT INTO saves (post_id, user_id) VALUES ('c1000000-0000-0000-0000-000000000006', 'a3f4d29f-456c-487b-ba2a-fc791fd3cf2a') ON CONFLICT DO NOTHING;
INSERT INTO saves (post_id, user_id) VALUES ('c1000000-0000-0000-0000-000000000020', '1558bd9e-60b7-4c8a-8c53-87f872f8136a') ON CONFLICT DO NOTHING;
INSERT INTO saves (post_id, user_id) VALUES ('b1000000-0000-0000-0000-000000000006', '1558bd9e-60b7-4c8a-8c53-87f872f8136a') ON CONFLICT DO NOTHING;
INSERT INTO saves (post_id, user_id) VALUES ('c1000000-0000-0000-0000-000000000020', '88df4f61-4710-42a0-a511-cf9bff2c0f97') ON CONFLICT DO NOTHING;
INSERT INTO saves (post_id, user_id) VALUES ('b1000000-0000-0000-0000-000000000008', '88df4f61-4710-42a0-a511-cf9bff2c0f97') ON CONFLICT DO NOTHING;
INSERT INTO saves (post_id, user_id) VALUES ('c1000000-0000-0000-0000-000000000021', '88df4f61-4710-42a0-a511-cf9bff2c0f97') ON CONFLICT DO NOTHING;
INSERT INTO saves (post_id, user_id) VALUES ('b1000000-0000-0000-0000-000000000003', '88df4f61-4710-42a0-a511-cf9bff2c0f97') ON CONFLICT DO NOTHING;
INSERT INTO follows (follower_id, artist_id) VALUES ('efd00474-9dd7-4bd0-a9bc-855314802650', '186b842d-d05d-4689-84a0-27bf4d9cdc4e') ON CONFLICT DO NOTHING;
INSERT INTO follows (follower_id, artist_id) VALUES ('fec22eea-1e6f-4a82-8134-0e225693c777', '186b842d-d05d-4689-84a0-27bf4d9cdc4e') ON CONFLICT DO NOTHING;
INSERT INTO follows (follower_id, artist_id) VALUES ('584e65e0-630c-440a-b762-c86e5d4e74fc', 'fec22eea-1e6f-4a82-8134-0e225693c777') ON CONFLICT DO NOTHING;
INSERT INTO follows (follower_id, artist_id) VALUES ('961d494c-95d3-4f70-9a1a-a75dd7b1dc82', '186b842d-d05d-4689-84a0-27bf4d9cdc4e') ON CONFLICT DO NOTHING;
INSERT INTO follows (follower_id, artist_id) VALUES ('24e71736-625f-41cc-9903-63cf9333b9d0', '186b842d-d05d-4689-84a0-27bf4d9cdc4e') ON CONFLICT DO NOTHING;
INSERT INTO follows (follower_id, artist_id) VALUES ('24e71736-625f-41cc-9903-63cf9333b9d0', '6ad234f5-2650-48e6-8341-db6bee6ee8d7') ON CONFLICT DO NOTHING;
INSERT INTO follows (follower_id, artist_id) VALUES ('b35bdc9f-dbe1-4832-a2c4-3959717e1bc2', 'fec22eea-1e6f-4a82-8134-0e225693c777') ON CONFLICT DO NOTHING;
INSERT INTO follows (follower_id, artist_id) VALUES ('b35bdc9f-dbe1-4832-a2c4-3959717e1bc2', '186b842d-d05d-4689-84a0-27bf4d9cdc4e') ON CONFLICT DO NOTHING;
INSERT INTO follows (follower_id, artist_id) VALUES ('bde4b08d-a5a1-4a15-ac37-d82b2193aca2', 'fec22eea-1e6f-4a82-8134-0e225693c777') ON CONFLICT DO NOTHING;
INSERT INTO follows (follower_id, artist_id) VALUES ('ab8b7de8-ee09-4c38-8e28-696eacb84caa', '6ad234f5-2650-48e6-8341-db6bee6ee8d7') ON CONFLICT DO NOTHING;
INSERT INTO follows (follower_id, artist_id) VALUES ('ab8b7de8-ee09-4c38-8e28-696eacb84caa', '186b842d-d05d-4689-84a0-27bf4d9cdc4e') ON CONFLICT DO NOTHING;
INSERT INTO follows (follower_id, artist_id) VALUES ('4180ea8c-9e39-4c63-8387-ed1dd835b724', 'fec22eea-1e6f-4a82-8134-0e225693c777') ON CONFLICT DO NOTHING;
INSERT INTO follows (follower_id, artist_id) VALUES ('65685cfa-a3ac-4758-9eca-1b40a3de9c4b', 'efd00474-9dd7-4bd0-a9bc-855314802650') ON CONFLICT DO NOTHING;
INSERT INTO follows (follower_id, artist_id) VALUES ('68949e3e-86f3-4a1f-8974-4b0d03ba3e5c', 'fec22eea-1e6f-4a82-8134-0e225693c777') ON CONFLICT DO NOTHING;
INSERT INTO follows (follower_id, artist_id) VALUES ('33b5504a-f85c-4ba0-b27b-e6b054d5f127', 'fec22eea-1e6f-4a82-8134-0e225693c777') ON CONFLICT DO NOTHING;
INSERT INTO follows (follower_id, artist_id) VALUES ('7f82adf3-d4fc-4788-b7c6-b0e149cfad19', '186b842d-d05d-4689-84a0-27bf4d9cdc4e') ON CONFLICT DO NOTHING;
INSERT INTO follows (follower_id, artist_id) VALUES ('1b387ae4-b68e-4cda-b60d-6661f9359c73', '336b2022-2d74-4fa9-a282-c48f1302a96a') ON CONFLICT DO NOTHING;
INSERT INTO follows (follower_id, artist_id) VALUES ('a3f4d29f-456c-487b-ba2a-fc791fd3cf2a', 'efd00474-9dd7-4bd0-a9bc-855314802650') ON CONFLICT DO NOTHING;
INSERT INTO follows (follower_id, artist_id) VALUES ('a3f4d29f-456c-487b-ba2a-fc791fd3cf2a', '186b842d-d05d-4689-84a0-27bf4d9cdc4e') ON CONFLICT DO NOTHING;
INSERT INTO follows (follower_id, artist_id) VALUES ('1558bd9e-60b7-4c8a-8c53-87f872f8136a', 'efd00474-9dd7-4bd0-a9bc-855314802650') ON CONFLICT DO NOTHING;
INSERT INTO follows (follower_id, artist_id) VALUES ('1558bd9e-60b7-4c8a-8c53-87f872f8136a', '186b842d-d05d-4689-84a0-27bf4d9cdc4e') ON CONFLICT DO NOTHING;
INSERT INTO follows (follower_id, artist_id) VALUES ('88df4f61-4710-42a0-a511-cf9bff2c0f97', '336b2022-2d74-4fa9-a282-c48f1302a96a') ON CONFLICT DO NOTHING;
INSERT INTO follows (follower_id, artist_id) VALUES ('584e65e0-630c-440a-b762-c86e5d4e74fc', '336b2022-2d74-4fa9-a282-c48f1302a96a') ON CONFLICT DO NOTHING;